"","Taxa","Study","Species","Trophic.Guild","Habitat.Preference","HSI","Evergreen Forest","Human Habitation and Farmland","Riparian","Scrubland and Grassland"
"1","Birds","1998 - 2000","Alpine Swift","Insectivore","Generalist",0.0483312212995263,0,0.00574712643678161,0,0.00615384615384615
"2","Birds","1998 - 2000","Ashy Wren Warbler","Insectivore","Generalist",0.400196252697526,0,0.0028735632183908,0.00564971751412429,0.00307692307692308
"3","Birds","1998 - 2000","Asian Fairy Bluebird","Frugivore","Human Habitation and Farmland",NA,0,0.0028735632183908,0,0
"4","Birds","1998 - 2000","Asian Paradise Flycatcher","Insectivore","Generalist",0.64048548150464,0.0075187969924812,0.00862068965517241,0.0169491525423729,0.00307692307692308
"5","Birds","1998 - 2000","Baya Weaver Bird","Grainivore","Human Habitation and Farmland",NA,0,0.00862068965517241,0,0
"6","Birds","1998 - 2000","Black Bulbul","Frugivore","Generalist",0.808854915359702,0,0,0.00564971751412429,0.00153846153846154
"7","Birds","1998 - 2000","Black Drongo","Insectivore","Generalist",0.399927079075814,0.0075187969924812,0.00574712643678161,0.00564971751412429,0.0123076923076923
"8","Birds","1998 - 2000","Black Naped Oriole","Omnivore","Human Habitation and Farmland",NA,0,0.0028735632183908,0,0
"9","Birds","1998 - 2000","Black Shouldered Kite","Carnivore","Riparian",NA,0,0,0.00564971751412429,0
"10","Birds","1998 - 2000","Blue Rock Pidgeon","Grainivore","Evergreen Forest",NA,0.0025062656641604,0,0,0
"11","Birds","1998 - 2000","Blyth's Reed Warbler","Insectivore","Generalist",0.460629560315808,0,0.00574712643678161,0.0112994350282486,0
"12","Birds","1998 - 2000","Brown Headed Barbet","Frugivore","Generalist",0.515477033176045,0.0676691729323308,0.0431034482758621,0.0169491525423729,0.0353846153846154
"13","Birds","1998 - 2000","Cattle Egret","Insectivore","Generalist",0.23506694432976,0,0.0316091954022989,0.0225988700564972,0
"14","Birds","1998 - 2000","Common Iora","Insectivore","Generalist",0.535822059838496,0.012531328320802,0.0229885057471264,0.00564971751412429,0.0123076923076923
"15","Birds","1998 - 2000","Common Kingfisher","Carnivore","Generalist",0.292570380371979,0.0050125313283208,0,0.00564971751412429,0.00307692307692308
"16","Birds","1998 - 2000","Common Myna","Omnivore","Riparian",NA,0,0,0.00564971751412429,0
"17","Birds","1998 - 2000","Common Tailorbird","Insectivore","Generalist",0.33838665791768,0.0050125313283208,0,0,0.00307692307692308
"18","Birds","1998 - 2000","Coppersmith Barbet","Frugivore","Human Habitation and Farmland",NA,0,0.0028735632183908,0,0
"19","Birds","1998 - 2000","Crested Serpent Eagle","Carnivore","Generalist",0.680314778329771,0.012531328320802,0,0.0225988700564972,0.00461538461538462
"20","Birds","1998 - 2000","Domestic Fowl",NA,"Scrubland and Grassland",NA,0,0,0,0.0507692307692308
"21","Birds","1998 - 2000","Dusky Crag Martin","Insectivore","Generalist",1.21949104153293,0.0025062656641604,0,0.0338983050847458,0
"22","Birds","1998 - 2000","Forest Wagtail","Insectivore","Evergreen Forest",NA,0.0175438596491228,0,0,0
"23","Birds","1998 - 2000","Green Bee Eater","Insectivore","Generalist",0.414650518341627,0,0.0344827586206897,0.0282485875706215,0.0138461538461538
"24","Birds","1998 - 2000","Grey Breasted Prinia","Insectivore","Scrubland and Grassland",NA,0,0,0,0.00153846153846154
"25","Birds","1998 - 2000","Grey Jungle Fowl","Omnivore","Generalist",0.731651362286007,0.0225563909774436,0.00574712643678161,0.0282485875706215,0.00615384615384615
"26","Birds","1998 - 2000","Grey Wagtail","Insectivore","Human Habitation and Farmland",NA,0,0.0028735632183908,0,0
"27","Birds","1998 - 2000","House Crow","Omnivore","Generalist",0.816948611273778,0,0.00574712643678161,0,0.00153846153846154
"28","Birds","1998 - 2000","House Swift","Insectivore","Riparian",NA,0,0,0.0225988700564972,0
"29","Birds","1998 - 2000","Indian Blackbird","Omnivore","Generalist",0.768551141745751,0.0300751879699248,0.014367816091954,0.0112994350282486,0.00307692307692308
"30","Birds","1998 - 2000","Indian Robin","Insectivore","Generalist",0.615117726441774,0.0275689223057644,0.014367816091954,0.0112994350282486,0.00615384615384615
"31","Birds","1998 - 2000","Indian Scimitar Babler","Omnivore","Generalist",0.985887783690904,0,0.00862068965517241,0,0.00153846153846154
"32","Birds","1998 - 2000","Jungle Babler","Insectivore","Generalist",0.362795644080929,0,0.0402298850574713,0.0338983050847458,0.0184615384615385
"33","Birds","1998 - 2000","Jungle Bush Quail","Grainivore","Scrubland and Grassland",NA,0,0,0,0.00461538461538462
"34","Birds","1998 - 2000","Jungle Crow","Omnivore","Generalist",0.794076024756011,0.0275689223057644,0.00862068965517241,0.00564971751412429,0.04
"35","Birds","1998 - 2000","Jungle Myna","Omnivore","Scrubland and Grassland",NA,0,0,0,0.00307692307692308
"36","Birds","1998 - 2000","Koel","Omnivore","Generalist",0.808854915359702,0,0,0.00564971751412429,0.00153846153846154
"37","Birds","1998 - 2000","Laughing Dove","Grainivore","Human Habitation and Farmland",NA,0,0.0028735632183908,0,0
"38","Birds","1998 - 2000","Leaf Warbler","Insectivore","Evergreen Forest",NA,0.0025062656641604,0,0,0
"39","Birds","1998 - 2000","Long Tailed Shrike","Carnivore","Generalist",0.724953553674422,0.0100250626566416,0.0545977011494253,0.0847457627118644,0.0292307692307692
"40","Birds","1998 - 2000","Malabar Crested lark",NA,"Scrubland and Grassland",NA,0,0,0,0.00307692307692308
"41","Birds","1998 - 2000","Painted Francolin","Grainivore","Generalist",0.415617711411134,0.0175438596491228,0.0172413793103448,0.0112994350282486,0.00615384615384615
"42","Birds","1998 - 2000","Pale Billed Flowepecker","Frugivore","Generalist",1.60976209989578,0.0025062656641604,0.00574712643678161,0.0564971751412429,0.00153846153846154
"43","Birds","1998 - 2000","Pallid Harrier","Carnivore","Human Habitation and Farmland",NA,0,0.0028735632183908,0,0
"44","Birds","1998 - 2000","Pied Bushchat","Insectivore","Generalist",1.22358703348271,0.0025062656641604,0.0028735632183908,0.0338983050847458,0.00923076923076923
"45","Birds","1998 - 2000","Pied Kingfisher","Carnivore","Generalist",0.777130947867157,0.0025062656641604,0.00862068965517241,0,0
"46","Birds","1998 - 2000","Plum Headed Parakeet","Frugivore","Generalist",0.0965527331740668,0.0025062656641604,0.0028735632183908,0,0
"47","Birds","1998 - 2000","Pond Heron","Carnivore","Riparian",NA,0,0,0.00564971751412429,0
"48","Birds","1998 - 2000","Purple Moorhen","Carnivore","Scrubland and Grassland",NA,0,0,0,0.00153846153846154
"49","Birds","1998 - 2000","Purple Rumped Sunbird","Omnivore","Generalist",0.144546690076808,0.0025062656641604,0,0,0.00307692307692308
"50","Birds","1998 - 2000","Purple Sunbird","Omnivore","Generalist",0.461454308910518,0.18546365914787,0.109195402298851,0.129943502824859,0.0523076923076923
"51","Birds","1998 - 2000","Quaker Babler","Omnivore","Generalist",0.0483312212995264,0,0.00862068965517241,0,0.00923076923076923
"52","Birds","1998 - 2000","Red Vented Bulbul","Frugivore","Generalist",0.295462993960942,0.0551378446115288,0.0775862068965517,0.0395480225988701,0.0769230769230769
"53","Birds","1998 - 2000","Red Wattled Lapwing","Insectivore","Scrubland and Grassland",NA,0,0,0,0.00153846153846154
"54","Birds","1998 - 2000","Red Whiskered Bulbul","Omnivore","Generalist",0.382757163221663,0.0350877192982456,0.0632183908045977,0.0338983050847458,0.0723076923076923
"55","Birds","1998 - 2000","Robin, Magpie",NA,"Generalist",0.351516672414888,0.0075187969924812,0.0028735632183908,0.00564971751412429,0.00615384615384615
"56","Birds","1998 - 2000","Rose finch","Omnivore","Human Habitation and Farmland",NA,0,0.00574712643678161,0,0
"57","Birds","1998 - 2000","Roseringed Parakeet","Frugivore","Generalist",0.299073228378144,0.0025062656641604,0.0028735632183908,0,0.00153846153846154
"58","Birds","1998 - 2000","Rufous Bellied Babler","Omnivore","Human Habitation and Farmland",NA,0,0.0028735632183908,0,0
"59","Birds","1998 - 2000","Scaly Breasted Munia","Grainivore","Generalist",0.144546690076808,0.0050125313283208,0,0,0.00615384615384615
"60","Birds","1998 - 2000","Scarlet Minivet","Insectivore","Generalist",0.328925704589728,0,0.0028735632183908,0,0.00461538461538462
"61","Birds","1998 - 2000","Shikra","Carnivore","Scrubland and Grassland",NA,0,0,0,0.00461538461538462
"62","Birds","1998 - 2000","Southern Coucal","Carnivore","Generalist",0.816948611273778,0,0.00574712643678161,0,0.00153846153846154
"63","Birds","1998 - 2000","Spotted Babler","Omnivore","Generalist",0.0483312212995263,0,0.0028735632183908,0,0.00307692307692308
"64","Birds","1998 - 2000","Spotted Dove","Grainivore","Generalist",1.00590760247406,0.0025062656641604,0.014367816091954,0,0.00307692307692308
"65","Birds","1998 - 2000","Storkbilled Kingfisher","Carnivore","Human Habitation and Farmland",NA,0,0.0028735632183908,0,0
"66","Birds","1998 - 2000","Swallow Spp.","Insectivore","Generalist",1.29407158947171,0.0025062656641604,0,0.0564971751412429,0
"67","Birds","1998 - 2000","Turtle Dove","Grainivore","Generalist",0.217327551063971,0.0275689223057644,0.0316091954022989,0.0451977401129944,0.0384615384615385
"68","Birds","1998 - 2000","White Bellied Blue Flycatcher","Insectivore","Scrubland and Grassland",NA,0,0,0,0.00153846153846154
"69","Birds","1998 - 2000","White Breasted Kingfisher","Carnivore","Generalist",0.338183291447406,0.0025062656641604,0.0028735632183908,0,0.00461538461538462
"70","Birds","1998 - 2000","White Cheeked Barbet","Frugivore","Generalist",0.511388503385007,0,0.0114942528735632,0.00564971751412429,0.00461538461538462
"71","Birds","1998 - 2000","White Rumped Vulture","Carnivore","Generalist",1.11464086706838,0,0,0.00564971751412429,0.0476923076923077
"72","Birds","1998 - 2000","White Wagtail","Insectivore","Scrubland and Grassland",NA,0,0,0,0.00153846153846154
"73","Birds","1998 - 2000","Yellow Browed Bulbul","Omnivore","Generalist",0.0120872954048982,0,0.00574712643678161,0.00564971751412429,0
"74","Birds","1998 - 2000","Yellow Wagtail","Insectivore","Human Habitation and Farmland",NA,0,0.0028735632183908,0,0
"75","Birds","2016 - 2017","Ashy Drongo","Insectivore","Generalist",0.0777662610921767,0.00111111111111111,0,0.00119047619047619,0.0012970168612192
"76","Birds","2016 - 2017","Ashy Prinia","Insectivore","Generalist",0.427552937461633,0.00222222222222222,0,0.00119047619047619,0
"77","Birds","2016 - 2017","Asian Paradise Flycatcher","Insectivore","Generalist",0.852378732388483,0.00111111111111111,0.0049813200498132,0.00238095238095238,0.000648508430609598
"78","Birds","2016 - 2017","Bay Backed shrike","Carnivore","Generalist",0.10917627142198,0.00111111111111111,0,0,0.0012970168612192
"79","Birds","2016 - 2017","Black Bulbul","Frugivore","Human Habitation and Farmland",NA,0,0.0012453300124533,0,0
"80","Birds","2016 - 2017","Black Drongo","Insectivore","Generalist",0.503098431645518,0.00333333333333333,0.0112079701120797,0.0119047619047619,0.0162127107652399
"81","Birds","2016 - 2017","Black Eagle","Carnivore","Scrubland and Grassland",NA,0,0,0,0.000648508430609598
"82","Birds","2016 - 2017","Black Headed Oriole","Omnivore","Generalist",0.577396994079272,0.00333333333333333,0.0049813200498132,0.00357142857142857,0.000648508430609598
"83","Birds","2016 - 2017","Black Naped Monarch","Insectivore","Human Habitation and Farmland",NA,0,0.0024906600249066,0,0
"84","Birds","2016 - 2017","Black Shouldered Kite","Carnivore","Generalist",0.816658536018266,0.00444444444444444,0,0.00119047619047619,0
"85","Birds","2016 - 2017","Blue Naped Monarch","Insectivore","Human Habitation and Farmland",NA,0,0.0012453300124533,0,0
"86","Birds","2016 - 2017","Blyth's Reed Warbler","Insectivore","Generalist",0.50592505217049,0.00222222222222222,0.0012453300124533,0.00238095238095238,0.000648508430609598
"87","Birds","2016 - 2017","Brahminy Starling","Omnivore","Evergreen Forest",NA,0.00444444444444444,0,0,0
"88","Birds","2016 - 2017","Brown Cheeked Fulvetta","Omnivore","Generalist",1.4569944971035,0.00333333333333333,0.0224159402241594,0.00119047619047619,0.0012970168612192
"89","Birds","2016 - 2017","Brown Cheeked FUlvetta","Omnivore","Human Habitation and Farmland",NA,0,0.0012453300124533,0,0
"90","Birds","2016 - 2017","Brown headed Barbet","Frugivore","Human Habitation and Farmland",NA,0,0.0012453300124533,0,0
"91","Birds","2016 - 2017","Brown Headed Barbet","Frugivore","Generalist",0.549650491533324,0.00555555555555556,0.0161892901618929,0.00595238095238095,0.0162127107652399
"92","Birds","2016 - 2017","Cattle Egret","Insectivore","Generalist",0.818757448225714,0.01,0,0.0130952380952381,0.000648508430609598
"93","Birds","2016 - 2017","Citrine Wagtail","Carnivore","Generalist",0.371795703130027,0.00111111111111111,0,0,0.000648508430609598
"94","Birds","2016 - 2017","Clamorous Reed Warbler","Insectivore","Scrubland and Grassland",NA,0,0,0,0.000648508430609598
"95","Birds","2016 - 2017","Common Hawk Cuckoo","Omnivore","Scrubland and Grassland",NA,0,0,0,0.0012970168612192
"96","Birds","2016 - 2017","Common Iora","Insectivore","Generalist",0.451954216663704,0.0111111111111111,0.0236612702366127,0.019047619047619,0.00843060959792477
"97","Birds","2016 - 2017","Common Kingfisher","Carnivore","Riparian",NA,0,0,0.00238095238095238,0
"98","Birds","2016 - 2017","Common Myna","Omnivore","Generalist",0.332309201390548,0.0122222222222222,0,0.00714285714285714,0.00713359273670558
"99","Birds","2016 - 2017","Common Rosefinch","Omnivore","Generalist",1.05405730709981,0.00888888888888889,0,0,0.0012970168612192
"100","Birds","2016 - 2017","Common Sandpiper","Insectivore","Generalist",0.775261651662359,0.00222222222222222,0,0,0.000648508430609598
"101","Birds","2016 - 2017","Common Tailor Bird",NA,"Generalist",0.641778607019004,0.00333333333333333,0,0.00238095238095238,0.000648508430609598
"102","Birds","2016 - 2017","Common Treepie",NA,"Evergreen Forest",NA,0.00111111111111111,0,0,0
"103","Birds","2016 - 2017","Common Wood Shrike",NA,"Scrubland and Grassland",NA,0,0,0,0.000648508430609598
"104","Birds","2016 - 2017","Coppersmith Barbet","Frugivore","Generalist",0.858050003796377,0.00111111111111111,0,0,0.00453955901426719
"105","Birds","2016 - 2017","Crested Serpent Eagle","Carnivore","Generalist",0.371795703130027,0.00222222222222222,0,0,0.0012970168612192
"106","Birds","2016 - 2017","Crimson Backed Sunbird","Omnivore","Generalist",0.821680923538924,0.00222222222222222,0.0336239103362391,0.0285714285714286,0.00907911802853437
"107","Birds","2016 - 2017","Dusky Crag Martin","Insectivore","Generalist",1.07518976317407,0,0,0.00476190476190476,0.000648508430609598
"108","Birds","2016 - 2017","Emerald Dove","Frugivore","Generalist",0.86863898126063,0,0.0049813200498132,0.00119047619047619,0
"109","Birds","2016 - 2017","Eurasian Collared Dove","Grainivore","Evergreen Forest",NA,0.00111111111111111,0,0,0
"110","Birds","2016 - 2017","Golden Fronted Leafbird","Omnivore","Generalist",0.9308514051929,0.01,0.0024906600249066,0.00119047619047619,0.00324254215304799
"111","Birds","2016 - 2017","Golden Oriole","Omnivore","Generalist",0.316107631775559,0.00111111111111111,0.0024906600249066,0.00238095238095238,0.00194552529182879
"112","Birds","2016 - 2017","Great Tit","Omnivore","Riparian",NA,0,0,0.00357142857142857,0
"113","Birds","2016 - 2017","Green Bee Eater","Insectivore","Generalist",0.477851896654704,0.0211111111111111,0.0049813200498132,0.0226190476190476,0.0194552529182879
"114","Birds","2016 - 2017","Grey Breasted Prinia","Insectivore","Generalist",0.62238535112706,0.00333333333333333,0,0.00119047619047619,0.0012970168612192
"115","Birds","2016 - 2017","Grey Francolin","Grainivore","Generalist",0.0605715306044342,0,0,0.00119047619047619,0.0012970168612192
"116","Birds","2016 - 2017","Grey Heron","Carnivore","Evergreen Forest",NA,0.00111111111111111,0,0,0
"117","Birds","2016 - 2017","Grey Jungle Fowl","Omnivore","Generalist",0.781602350740556,0.00333333333333333,0.0236612702366127,0.00714285714285714,0.0110246433203632
"118","Birds","2016 - 2017","House Crow","Omnivore","Generalist",0.915079363888473,0.00555555555555556,0,0.00119047619047619,0
"119","Birds","2016 - 2017","House Swift","Insectivore","Scrubland and Grassland",NA,0,0,0,0.00194552529182879
"120","Birds","2016 - 2017","Indian Blackbird","Omnivore","Generalist",0.416218108237698,0.00111111111111111,0.0012453300124533,0.00238095238095238,0.00259403372243839
"121","Birds","2016 - 2017","Indian Bushchat","Insectivore","Riparian",NA,0,0,0.00119047619047619,0
"122","Birds","2016 - 2017","Indian Bushlark","Omnivore","Scrubland and Grassland",NA,0,0,0,0.000648508430609598
"123","Birds","2016 - 2017","Indian Grey Hornbill","Frugivore","Riparian",NA,0,0,0.00238095238095238,0
"124","Birds","2016 - 2017","indian Robin","Insectivore","Evergreen Forest",NA,0.00111111111111111,0,0,0
"125","Birds","2016 - 2017","Indian Robin","Insectivore","Generalist",0.585854770638996,0.00222222222222222,0,0.00952380952380952,0.00778210116731518
"126","Birds","2016 - 2017","Indian Scimitar Babler","Omnivore","Generalist",0.626269921524735,0.00222222222222222,0.0062266500622665,0.0130952380952381,0.00713359273670558
"127","Birds","2016 - 2017","Indian Silverbill","Grainivore","Evergreen Forest",NA,0.00111111111111111,0,0,0
"128","Birds","2016 - 2017","Intermediate Egret","Carnivore","Evergreen Forest",NA,0.00111111111111111,0,0,0
"129","Birds","2016 - 2017","Jungle babler","Insectivore","Generalist",1.11855915908952,0.00555555555555556,0,0,0.000648508430609598
"130","Birds","2016 - 2017","Jungle Babler","Insectivore","Generalist",0.770751803941841,0.0144444444444444,0.0087173100871731,0.0607142857142857,0.0434500648508431
"131","Birds","2016 - 2017","Jungle Crow","Omnivore","Generalist",0.797820126626304,0.0322222222222222,0,0.00595238095238095,0.012970168612192
"132","Birds","2016 - 2017","Jungle Myna","Omnivore","Generalist",0.633408327936118,0,0,0.0119047619047619,0.00453955901426719
"133","Birds","2016 - 2017","Jungle Prinia","Insectivore","Generalist",0.900268063646243,0.00777777777777778,0,0.00119047619047619,0.00259403372243839
"134","Birds","2016 - 2017","Large Grey babler","Omnivore","Scrubland and Grassland",NA,0,0,0,0.00259403372243839
"135","Birds","2016 - 2017","Laughing Dove","Grainivore","Generalist",0.409607398215793,0.0166666666666667,0.0087173100871731,0.00714285714285714,0.00907911802853437
"136","Birds","2016 - 2017","LAughing Dove","Grainivore","Riparian",NA,0,0,0.00238095238095238,0
"137","Birds","2016 - 2017","Little Cormorant","Carnivore","Generalist",0.54708159464922,0.00222222222222222,0,0.00238095238095238,0.000648508430609598
"138","Birds","2016 - 2017","Little Egret","Carnivore","Generalist",0.416783342059577,0,0,0.00119047619047619,0.000648508430609598
"139","Birds","2016 - 2017","Little Stint","Insectivore","Riparian",NA,0,0,0.00357142857142857,0
"140","Birds","2016 - 2017","Little Swift","Insectivore","Evergreen Forest",NA,0.00666666666666667,0,0,0
"141","Birds","2016 - 2017","Long Tailed Shrike","Carnivore","Generalist",1.02643319978489,0.0166666666666667,0,0.00238095238095238,0.00389105058365759
"142","Birds","2016 - 2017","Malabar Lark","Omnivore","Generalist",0.416783342059577,0,0,0.00238095238095238,0.0012970168612192
"143","Birds","2016 - 2017","Malabar Whistling Thrush","Carnivore","Generalist",0.670728550323548,0.00777777777777778,0.0386052303860523,0.0261904761904762,0.0116731517509728
"144","Birds","2016 - 2017","Monticola spp.","","Human Habitation and Farmland",NA,0,0.0024906600249066,0,0
"145","Birds","2016 - 2017","Nilgiri Wood Pidgeon","Frugivore","Riparian",NA,0,0,0.00714285714285714,0
"146","Birds","2016 - 2017","Orange Headed Ground Thrush","Omnivore","Generalist",0.829899957749686,0,0.0049813200498132,0,0.0012970168612192
"147","Birds","2016 - 2017","Orange Minivet","Insectivore","Generalist",0.96879938494998,0,0.0112079701120797,0.00357142857142857,0.0012970168612192
"148","Birds","2016 - 2017","Oriental Honey Buzzard","Insectivore","Scrubland and Grassland",NA,0,0,0,0.00259403372243839
"149","Birds","2016 - 2017","Oriental Magpie Robin","Insectivore","Generalist",0.812558029932126,0.0166666666666667,0.0062266500622665,0.00357142857142857,0.00389105058365759
"150","Birds","2016 - 2017","Oriental Magpie RObin","Insectivore","Evergreen Forest",NA,0.00111111111111111,0,0,0
"151","Birds","2016 - 2017","Oriental Trutle Dove","Grainivore","Scrubland and Grassland",NA,0,0,0,0.000648508430609598
"152","Birds","2016 - 2017","Paddyfeild Pipit","Insectivore","Evergreen Forest",NA,0.00111111111111111,0,0,0
"153","Birds","2016 - 2017","Paddyfeild Warbler","Insectivore","Scrubland and Grassland",NA,0,0,0,0.00194552529182879
"154","Birds","2016 - 2017","Pale-billed Flowerpecker","Frugivore","Generalist",0.995862672490761,0,0.0037359900373599,0,0.000648508430609598
"155","Birds","2016 - 2017","Perdicula spp.","","Generalist",0.284453220201825,0.00333333333333333,0,0.00595238095238095,0.00453955901426719
"156","Birds","2016 - 2017","Phylloscopus Spp.","Insectivore","Generalist",0.605811570500827,0.00444444444444444,0.0012453300124533,0.00833333333333333,0.00518806744487678
"157","Birds","2016 - 2017","Pied Bushchat","Insectivore","Generalist",0.641778607019004,0.00666666666666667,0,0.00476190476190476,0.0012970168612192
"158","Birds","2016 - 2017","Plain Martin","Insectivore","Generalist",0.51986625944632,0.00666666666666667,0,0.0226190476190476,0.0194552529182879
"159","Birds","2016 - 2017","Plain Prinia","Insectivore","Generalist",0.176389875394456,0.00333333333333333,0,0,0.00259403372243839
"160","Birds","2016 - 2017","Plum Headed parakeet","Frugivore","Scrubland and Grassland",NA,0,0,0,0.000648508430609598
"161","Birds","2016 - 2017","Plum Headed Parakeet","Frugivore","Generalist",0.0605715306044342,0,0,0.00119047619047619,0.0012970168612192
"162","Birds","2016 - 2017","Pond Heron","Carnivore","Generalist",0.435953045912175,0.00333333333333333,0,0.00238095238095238,0.0012970168612192
"163","Birds","2016 - 2017","Puff Throated Babler","Insectivore","Generalist",0.454972006015051,0.0122222222222222,0.0311332503113325,0.030952380952381,0.0149156939040208
"164","Birds","2016 - 2017","Purple Rumped Sunbird","Omnivore","Generalist",0.595257487122273,0.00555555555555556,0.0149439601494396,0.00476190476190476,0.00648508430609598
"165","Birds","2016 - 2017","Purple Sunbird","Omnivore","Generalist",0.325660375930348,0.0188888888888889,0.0161892901618929,0.030952380952381,0.0175097276264591
"166","Birds","2016 - 2017","Racket Tailed Drongo",NA,"Human Habitation and Farmland",NA,0,0.0012453300124533,0,0
"167","Birds","2016 - 2017","Red Spurfowl","Frugivore","Generalist",0.297648279641123,0.00111111111111111,0,0.00119047619047619,0.000648508430609598
"168","Birds","2016 - 2017","Red Vented Bulbul","Frugivore","Generalist",0.662403733794687,0.0766666666666667,0.0112079701120797,0.0380952380952381,0.0369649805447471
"169","Birds","2016 - 2017","Red Wattled Lapwing","Insectivore","Generalist",1.18972104119351,0.0111111111111111,0,0.00238095238095238,0.000648508430609598
"170","Birds","2016 - 2017","Red Whiskered Bubul","Omnivore","Generalist",0.186217259207092,0.0766666666666667,0.0547945205479452,0.0666666666666667,0.0512321660181582
"171","Birds","2016 - 2017","Scaly Breasted Munia","Grainivore","Scrubland and Grassland",NA,0,0,0,0.0012970168612192
"172","Birds","2016 - 2017","Scarlet Minivet","Insectivore","Generalist",0.416783342059577,0,0,0.00119047619047619,0.000648508430609598
"173","Birds","2016 - 2017","Shikra","Carnivore","Generalist",0.388982771212149,0.00111111111111111,0.0012453300124533,0.00238095238095238,0.0012970168612192
"174","Birds","2016 - 2017","Small Minivet","Insectivore","Generalist",0.51425947722658,0.00111111111111111,0,0.00238095238095238,0
"175","Birds","2016 - 2017","Southern Coucal","Carnivore","Generalist",0.427012494766148,0.00444444444444444,0.0024906600249066,0.00714285714285714,0.00713359273670558
"176","Birds","2016 - 2017","Spotted Dove","Grainivore","Generalist",0.10080403293298,0.00777777777777778,0.0062266500622665,0.00714285714285714,0.00648508430609598
"177","Birds","2016 - 2017","Sulphur Bellied Warbler","Insectivore","Riparian",NA,0,0,0.00119047619047619,0
"178","Birds","2016 - 2017","Taiga Flycatcher","Insectivore","Generalist",0.310777833644206,0.00222222222222222,0.0012453300124533,0.00119047619047619,0.00194552529182879
"179","Birds","2016 - 2017","Tawny Bellied Babler","Insectivore","Human Habitation and Farmland",NA,0,0.0012453300124533,0,0
"180","Birds","2016 - 2017","Thick Billed Flowerpecker","Frugivore","Human Habitation and Farmland",NA,0,0.0024906600249066,0,0
"181","Birds","2016 - 2017","Tickle's Blue Flycatcher","Insectivore","Evergreen Forest",NA,0.00333333333333333,0,0,0
"182","Birds","2016 - 2017","Tree Pipit","Insectivore","Scrubland and Grassland",NA,0,0,0,0.000648508430609598
"183","Birds","2016 - 2017","Turdoides spp.","","Riparian",NA,0,0,0.00238095238095238,0
"184","Birds","2016 - 2017","Turtle Dove","Grainivore","Generalist",0.829899957749686,0,0.0024906600249066,0,0.000648508430609598
"185","Birds","2016 - 2017","Verditer Flycatcher","Insectivore","Riparian",NA,0,0,0.00119047619047619,0
"186","Birds","2016 - 2017","Vigor's Sunbird","Frugivore","Generalist",0.809085068772493,0.00333333333333333,0.0012453300124533,0,0.000648508430609598
"187","Birds","2016 - 2017","White Bellied Blue Flycatcher","Insectivore","Generalist",0.313279494912508,0,0.0074719800747198,0.00476190476190476,0
"188","Birds","2016 - 2017","White Breasted Kingfisher","Carnivore","Generalist",0.884137326873873,0.00111111111111111,0,0.00357142857142857,0.000648508430609598
"189","Birds","2016 - 2017","White Browed Fantail","Insectivore","Human Habitation and Farmland",NA,0,0.0012453300124533,0,0
"190","Birds","2016 - 2017","White Browed Wagtail","Insectivore","Evergreen Forest",NA,0.00222222222222222,0,0,0
"191","Birds","2016 - 2017","White Cheeked Barbet","Frugivore","Generalist",0.422913800457516,0.0122222222222222,0.0386052303860523,0.0297619047619048,0.0239948119325551
"192","Birds","2016 - 2017","White Eyed Buzzard","Carnivore","Scrubland and Grassland",NA,0,0,0,0.000648508430609598
"193","Birds","2016 - 2017","White Rumped Shama","Insectivore","Human Habitation and Farmland",NA,0,0.0037359900373599,0,0
"194","Birds","2016 - 2017","Yellow Browed Bulbul","Omnivore","Generalist",1.03838556364311,0,0.0049813200498132,0.00119047619047619,0.000648508430609598
"195","Birds","2016 - 2017","Yellow Throated Sparrow","Omnivore","Scrubland and Grassland",NA,0,0,0,0.000648508430609598
"196","Butterflies","1998 - 2000","Angled Pierrot","Tree Specialist","Generalist",0.575449239117047,0.0025062656641604,0.00862068965517241,0.00564971751412429,0.0123076923076923
"197","Butterflies","1998 - 2000","Bamboo Treebrown","Grass Specialist","Scrubland and Grassland",NA,0,0,0,0.00153846153846154
"198","Butterflies","1998 - 2000","Blue Mormon","Tree Specialist","Generalist",0.61450584302637,0.012531328320802,0.0028735632183908,0,0.0138461538461538
"199","Butterflies","1998 - 2000","Blue Oak Leaf","Herb Specialist","Generalist",0.64497605982706,0,0.0028735632183908,0,0.00769230769230769
"200","Butterflies","1998 - 2000","Blue Pansy","Herb Specialist","Evergreen Forest",NA,0.0100250626566416,0,0,0
"201","Butterflies","1998 - 2000","Blue Tiger","Shrub Specialist","Generalist",0.432882518381312,0.0075187969924812,0.0028735632183908,0,0.00615384615384615
"202","Butterflies","1998 - 2000","Chestnut Angle","Tree Specialist","Human Habitation and Farmland",NA,0,0.00574712643678161,0,0
"203","Butterflies","1998 - 2000","Chocolate Pansy","Herb Specialist","Generalist",0.325011044790579,0.0175438596491228,0.0344827586206897,0,0.0261538461538462
"204","Butterflies","1998 - 2000","Common Baron","Grass Specialist","Human Habitation and Farmland",NA,0,0.0028735632183908,0,0
"205","Butterflies","1998 - 2000","Common Castor","Herb Specialist","Generalist",0.33838665791768,0.0025062656641604,0,0,0.00153846153846154
"206","Butterflies","1998 - 2000","Common Cerulean","Generalist","Generalist",0.878838597001801,0,0.0028735632183908,0,0.0123076923076923
"207","Butterflies","1998 - 2000","Common Emigrant","Generalist","Generalist",0.782578429471147,0.0225563909774436,0.0028735632183908,0,0.0123076923076923
"208","Butterflies","1998 - 2000","Common Evening Brown","Grass Specialist","Generalist",0.725307823233593,0.0075187969924812,0,0.0112994350282486,0.00153846153846154
"209","Butterflies","1998 - 2000","Common Five Ring","Grass Specialist","Generalist",0.153356295306732,0.012531328320802,0.0114942528735632,0,0.0153846153846154
"210","Butterflies","1998 - 2000","Common Four Ring","Grass Specialist","Generalist",1.1928702405473,0,0.00574712643678161,0,0.0676923076923077
"211","Butterflies","1998 - 2000","Common Grass Yellow","Tree Specialist","Generalist",0.681473158109641,0.0350877192982456,0.0545977011494253,0.00564971751412429,0.0246153846153846
"212","Butterflies","1998 - 2000","Common Jessabelle","Tree Specialist","Generalist",0.410460767402061,0.0075187969924812,0.00574712643678161,0,0.00307692307692308
"213","Butterflies","1998 - 2000","Common Leopard","Tree Specialist","Generalist",0.353315763004983,0.012531328320802,0.00862068965517241,0,0.00615384615384615
"214","Butterflies","1998 - 2000","Common Map","Tree Specialist","Scrubland and Grassland",NA,0,0,0,0.00153846153846154
"215","Butterflies","1998 - 2000","Common Mormon","Tree Specialist","Generalist",0.719136953267226,0.0025062656641604,0,0,0.00769230769230769
"216","Butterflies","1998 - 2000","Common Pierrot","Tree Specialist","Scrubland and Grassland",NA,0,0,0,0.00153846153846154
"217","Butterflies","1998 - 2000","Common Rose","Liana Specialist","Generalist",0.33838665791768,0.0025062656641604,0,0,0.00153846153846154
"218","Butterflies","1998 - 2000","Common Sailor","Tree Specialist","Generalist",0.340765323437122,0,0.0258620689655172,0.0282485875706215,0.0138461538461538
"219","Butterflies","1998 - 2000","Common Wanderer","Shrub Specialist","Generalist",0.181076717200881,0,0.00574712643678161,0.00564971751412429,0.00769230769230769
"220","Butterflies","1998 - 2000","Crimson Rose","Liana Specialist","Human Habitation and Farmland",NA,0,0.0028735632183908,0,0
"221","Butterflies","1998 - 2000","Danaid Eggfly","Generalist","Generalist",0.144546690076808,0.0025062656641604,0,0,0.00307692307692308
"222","Butterflies","1998 - 2000","Dark Cerulean","Tree Specialist","Human Habitation and Farmland",NA,0,0.0028735632183908,0,0
"223","Butterflies","1998 - 2000","Glassy Tiger","Shrub Specialist","Generalist",0.403321032228156,0.0275689223057644,0.014367816091954,0.0112994350282486,0.0246153846153846
"224","Butterflies","1998 - 2000","Gram Blue","Generalist","Generalist",1.26453584773199,0.137844611528822,0.0114942528735632,0.0338983050847458,0.00923076923076923
"225","Butterflies","1998 - 2000","Great Eggfly","Herb Specialist","Scrubland and Grassland",NA,0,0,0,0.00307692307692308
"226","Butterflies","1998 - 2000","Great Orange Tip","Tree Specialist","Scrubland and Grassland",NA,0,0,0,0.00153846153846154
"227","Butterflies","1998 - 2000","Indian Common Crow","Generalist","Generalist",0.374806252204524,0.0200501253132832,0.0172413793103448,0,0.0338461538461538
"228","Butterflies","1998 - 2000","Lemon Pansy","Herb Specialist","Generalist",0.995557047541065,0.0150375939849624,0.0028735632183908,0,0.00307692307692308
"229","Butterflies","1998 - 2000","Lime Blue","Tree Specialist","Generalist",0.33838665791768,0.0050125313283208,0,0,0.00307692307692308
"230","Butterflies","1998 - 2000","Mottled Emigrant","Generalist","Scrubland and Grassland",NA,0,0,0,0.00153846153846154
"231","Butterflies","1998 - 2000","Nawab","Generalist","Evergreen Forest",NA,0.0025062656641604,0,0,0
"232","Butterflies","1998 - 2000","Peacock Pansy","Shrub Specialist","Generalist",0.323072251544699,0.0050125313283208,0.0028735632183908,0,0.00307692307692308
"233","Butterflies","1998 - 2000","Pioneer","Shrub Specialist","Scrubland and Grassland",NA,0,0,0,0.00153846153846154
"234","Butterflies","1998 - 2000","Plain Tiger","Shrub Specialist","Generalist",0.475664873147293,0.0025062656641604,0.00862068965517241,0.00564971751412429,0.00461538461538462
"235","Butterflies","1998 - 2000","Plum Judy","Shrub Specialist","Generalist",0.979314420702789,0.0100250626566416,0.00862068965517241,0.0621468926553672,0.0215384615384615
"236","Butterflies","1998 - 2000","Red Helen","Tree Specialist","Scrubland and Grassland",NA,0,0,0,0.00307692307692308
"237","Butterflies","1998 - 2000","Red Pierrot","Tree Specialist","Scrubland and Grassland",NA,0,0,0,0.00153846153846154
"238","Butterflies","1998 - 2000","Striped Tiger","Shrub Specialist","Generalist",0.816948611273778,0,0.00574712643678161,0,0.00153846153846154
"239","Butterflies","1998 - 2000","Water Snow Flat","Herb Specialist","Human Habitation and Farmland",NA,0,0.00574712643678161,0,0
"240","Butterflies","1998 - 2000","Yellow Pansy","Herb Specialist","Scrubland and Grassland",NA,0,0,0,0.00153846153846154
"241","Butterflies","2016 - 2017","Angled Pierrot","Tree Specialist","Generalist",0.542048765777933,0.0122222222222222,0.0298879202988792,0.00833333333333333,0.0194552529182879
"242","Butterflies","2016 - 2017","Bamboo Treebrown","Grass Specialist","Human Habitation and Farmland",NA,0,0.0012453300124533,0,0
"243","Butterflies","2016 - 2017","Blue Bottle","Tree Specialist","Evergreen Forest",NA,0.00111111111111111,0,0,0
"244","Butterflies","2016 - 2017","Blue Mormon","Tree Specialist","Generalist",0.93241341456473,0.0344444444444444,0.0024906600249066,0.0226190476190476,0.00518806744487678
"245","Butterflies","2016 - 2017","Blue Oak Leaf","Herb Specialist","Generalist",0.805685667839514,0.00777777777777778,0.0012453300124533,0.00357142857142857,0.00194552529182879
"246","Butterflies","2016 - 2017","Blue Pansy","Herb Specialist","Generalist",0.499502736287235,0,0.0024906600249066,0.00119047619047619,0
"247","Butterflies","2016 - 2017","Blue Tiger","Shrub Specialist","Generalist",0.786743607251874,0.00444444444444444,0.0012453300124533,0,0.0012970168612192
"248","Butterflies","2016 - 2017","Chestnut Bob","Grass Specialist","Generalist",1.22262561282881,0.00222222222222222,0.0273972602739726,0.00238095238095238,0.00713359273670558
"249","Butterflies","2016 - 2017","Chocolate Pansy","Herb Specialist","Generalist",0.472964708901362,0.0444444444444444,0.0136986301369863,0.0547619047619048,0.0350194552529183
"250","Butterflies","2016 - 2017","Commander","Generalist","Evergreen Forest",NA,0.00111111111111111,0,0,0
"251","Butterflies","2016 - 2017","Common Baron","Generalist","Riparian",NA,0,0,0.00119047619047619,0
"252","Butterflies","2016 - 2017","Common Bushbrown","Grass Specialist","Generalist",0.730726658620104,0,0.0037359900373599,0.00119047619047619,0
"253","Butterflies","2016 - 2017","Common Cerulean","Generalist","Generalist",0.840753260802352,0.00777777777777778,0.0547945205479452,0.0107142857142857,0.0298313878080415
"254","Butterflies","2016 - 2017","Common Emigrant","Generalist","Generalist",0.455556373549139,0.00777777777777778,0.0062266500622665,0.00714285714285714,0.00194552529182879
"255","Butterflies","2016 - 2017","Common Evening Brown","Grass Specialist","Generalist",0.469759020974425,0.00222222222222222,0.0037359900373599,0.00119047619047619,0.00194552529182879
"256","Butterflies","2016 - 2017","Common Five Ring","Grass Specialist","Generalist",0.189035533328803,0.0322222222222222,0.0386052303860523,0.0357142857142857,0.0492866407263294
"257","Butterflies","2016 - 2017","Common Four Ring","Grass Specialist","Generalist",0.79274624257306,0.00888888888888889,0.0273972602739726,0.0202380952380952,0.0642023346303502
"258","Butterflies","2016 - 2017","Common Grass Yellow","Tree Specialist","Generalist",0.555465027463407,0.0211111111111111,0.0410958904109589,0.0166666666666667,0.0577172503242542
"259","Butterflies","2016 - 2017","Common Jessabelle","Tree Specialist","Generalist",0.556852553674965,0.00222222222222222,0.0024906600249066,0,0.000648508430609598
"260","Butterflies","2016 - 2017","Common Lascar","Tree Specialist","Scrubland and Grassland",NA,0,0,0,0.000648508430609598
"261","Butterflies","2016 - 2017","Common Leopard","Tree Specialist","Generalist",0.953390863897474,0.00555555555555556,0.0012453300124533,0.00238095238095238,0.012970168612192
"262","Butterflies","2016 - 2017","Common Line Blue","Generalist","Generalist",0.487471237402875,0.01,0.0074719800747198,0.00238095238095238,0.0103761348897536
"263","Butterflies","2016 - 2017","Common Mormon","Tree Specialist","Generalist",0.190000028225039,0.00888888888888889,0.0112079701120797,0.00714285714285714,0.0103761348897536
"264","Butterflies","2016 - 2017","Common Sailor","Tree Specialist","Generalist",0.494720030902252,0.0211111111111111,0.0572851805728518,0.030952380952381,0.0239948119325551
"265","Butterflies","2016 - 2017","Common Silverline","Generalist","Generalist",0.57074421285876,0,0.0037359900373599,0.00119047619047619,0.00194552529182879
"266","Butterflies","2016 - 2017","Common Small Flat","Herb Specialist","Generalist",0.537258070987048,0,0.012453300124533,0.0178571428571429,0.00518806744487678
"267","Butterflies","2016 - 2017","Common Treebrown","Grass Specialist","Evergreen Forest",NA,0.00222222222222222,0,0,0
"268","Butterflies","2016 - 2017","Common Wanderer","Shrub Specialist","Generalist",1.03098058795361,0.00111111111111111,0.0062266500622665,0.00119047619047619,0
"269","Butterflies","2016 - 2017","Danaid Eggfly","Generalist","Generalist",0.371795703130027,0.00111111111111111,0,0,0.000648508430609598
"270","Butterflies","2016 - 2017","Dark Cerulean","Tree Specialist","Generalist",0.687319710851404,0.00111111111111111,0,0.00357142857142857,0.0012970168612192
"271","Butterflies","2016 - 2017","Dark Evening Brown","Grass Specialist","Evergreen Forest",NA,0.00333333333333333,0,0,0
"272","Butterflies","2016 - 2017","Dark Grass Blue","Herb Specialist","Generalist",0.445673271894975,0,0.0012453300124533,0,0.000648508430609598
"273","Butterflies","2016 - 2017","Forget-me-not","Generalist","Generalist",0.600195408631836,0,0.0074719800747198,0.00238095238095238,0.0103761348897536
"274","Butterflies","2016 - 2017","Forget-Me-Not","Generalist","Scrubland and Grassland",NA,0,0,0,0.000648508430609598
"275","Butterflies","2016 - 2017","Glassy Tiger","Shrub Specialist","Generalist",0.842206700688531,0.0155555555555556,0.0037359900373599,0.00238095238095238,0.00648508430609598
"276","Butterflies","2016 - 2017","Gram Blue","Tree Specialist","Generalist",1.01349963044461,0.0222222222222222,0.0074719800747198,0.00357142857142857,0.00259403372243839
"277","Butterflies","2016 - 2017","Grass Demon","Herb Specialist","Generalist",0.775261651662359,0.00222222222222222,0,0,0.000648508430609598
"278","Butterflies","2016 - 2017","Grey Pansy","Shrub Specialist","Generalist",0.0605715306044342,0,0,0.00119047619047619,0.0012970168612192
"279","Butterflies","2016 - 2017","Indian Common Crow","Generalist","Generalist",0.459951937758273,0.0488888888888889,0.0311332503113325,0.0154761904761905,0.0259403372243839
"280","Butterflies","2016 - 2017","Lemon Pansy","Herb Specialist","Generalist",0.243985986952493,0.0255555555555556,0.0199252801992528,0.0273809523809524,0.0155642023346304
"281","Butterflies","2016 - 2017","Lesser Grass Blue","Herb Specialist","Scrubland and Grassland",NA,0,0,0,0.0012970168612192
"282","Butterflies","2016 - 2017","Lime Blue","Tree Specialist","Generalist",0.400887039518313,0.00111111111111111,0.0024906600249066,0,0.00259403372243839
"283","Butterflies","2016 - 2017","Metallic Cerulean","Herb Specialist","Scrubland and Grassland",NA,0,0,0,0.000648508430609598
"284","Butterflies","2016 - 2017","Monkey Puzzle","Tree Specialist","Evergreen Forest",NA,0.00222222222222222,0,0,0
"285","Butterflies","2016 - 2017","Mottled Emigrant","Generalist","Scrubland and Grassland",NA,0,0,0,0.0012970168612192
"286","Butterflies","2016 - 2017","One Spot Grass Yellow","Tree Specialist","Generalist",0.178080122568449,0.00555555555555556,0.0049813200498132,0.00714285714285714,0.00713359273670558
"287","Butterflies","2016 - 2017","Painted Lady","Generalist","Generalist",0.0605715306044342,0,0,0.00119047619047619,0.0012970168612192
"288","Butterflies","2016 - 2017","Pale Grass Blue","Herb Specialist","Scrubland and Grassland",NA,0,0,0,0.0012970168612192
"289","Butterflies","2016 - 2017","Pea Blue","Tree Specialist","Human Habitation and Farmland",NA,0,0.0024906600249066,0,0
"290","Butterflies","2016 - 2017","Peacock Pansy","Shrub Specialist","Human Habitation and Farmland",NA,0,0.0037359900373599,0,0
"291","Butterflies","2016 - 2017","Pioneer","Shrub Specialist","Generalist",0.951807222022404,0.00222222222222222,0.0112079701120797,0,0.00259403372243839
"292","Butterflies","2016 - 2017","Plain Tiger","Shrub Specialist","Generalist",0.277984512380268,0.00333333333333333,0,0.00238095238095238,0.00194552529182879
"293","Butterflies","2016 - 2017","Psyche","Shrub Specialist","Generalist",0.78154022653288,0.0155555555555556,0.0024906600249066,0.00595238095238095,0.00518806744487678
"294","Butterflies","2016 - 2017","Rustic","Tree Specialist","Generalist",0.55335671628836,0.02,0,0.00714285714285714,0.00972762645914397
"295","Butterflies","2016 - 2017","Small Branded Swift","Generalist","Generalist",0.508607944670096,0,0.0074719800747198,0.00238095238095238,0.00518806744487678
"296","Butterflies","2016 - 2017","Small Grass Jewel","Generalist","Generalist",0.761142600354904,0,0.0099626400996264,0.00119047619047619,0.012970168612192
"297","Butterflies","2016 - 2017","Spotless Grass Yellow","Herb Specialist","Scrubland and Grassland",NA,0,0,0,0.000648508430609598
"298","Butterflies","2016 - 2017","Spotted Flat","Herb Specialist","Generalist",0.0705392443094188,0.0144444444444444,0.0161892901618929,0.0142857142857143,0
"299","Butterflies","2016 - 2017","Striped Tiger","Shrub Specialist","Generalist",0.621937056841949,0.00333333333333333,0,0,0.0012970168612192
"300","Butterflies","2016 - 2017","Suffused Double Banded Judy","Shrub Specialist","Generalist",0.552134720629882,0.0166666666666667,0.0386052303860523,0.0333333333333333,0.0687418936446174
"301","Butterflies","2016 - 2017","Tailed Jay","Tree Specialist","Evergreen Forest",NA,0.00333333333333333,0,0,0
"302","Butterflies","2016 - 2017","Tawny Coaster","Generalist","Generalist",0.442881270963937,0,0.0012453300124533,0.00238095238095238,0
"303","Butterflies","2016 - 2017","Three Spot Grass Yellow","Tree Specialist","Generalist",0.168801047707583,0,0,0.00357142857142857,0.00453955901426719
"304","Butterflies","2016 - 2017","Tiny Grass Blue","Shrub Specialist","Generalist",0.567746401783458,0.00666666666666667,0.0087173100871731,0.00119047619047619,0.00583657587548638
"305","Butterflies","2016 - 2017","Water Snow Flat","Herb Specialist","Evergreen Forest",NA,0.00333333333333333,0,0,0
"306","Butterflies","2016 - 2017","White Orange Tip","Shrub Specialist","Riparian",NA,0,0,0.00238095238095238,0
"307","Butterflies","2016 - 2017","Yellow Pansy","Herb Specialist","Generalist",0.0605715306044343,0,0,0.00357142857142857,0.00389105058365759
"308","Butterflies","2016 - 2017","Ypthima spp.","Grass Specialist","Generalist",0.371795703130027,0.00222222222222222,0,0,0.0012970168612192
