"","Common.Name","Specific.Epithet","Guild","Foraging.Type","Prey","Remarks"
"1","Jungle Crow","Corvus macrorhynchos","Omnivore","Scavenger","Carrion",""
"2","Jungle Crow","Corvus macrorhynchos","Omnivore","Scavenger","Bird Eggs",""
"3","Jungle Crow","Corvus macrorhynchos","Omnivore","Scavenger","Rodents",""
"4","Jungle Crow","Corvus macrorhynchos","Omnivore","Scavenger","Small Reptiles",""
"5","Jungle Crow","Corvus macrorhynchos","Omnivore","Scavenger","Anurans",""
"6","Jungle Crow","Corvus macrorhynchos","Omnivore","Scavenger","Crustaeceans",""
"7","Jungle Crow","Corvus macrorhynchos","Omnivore","Scavenger","Fruits",""
"8","Jungle Crow","Corvus macrorhynchos","Omnivore","Scavenger","Seeds",""
"9","Black Drongo","Dicrurus macrocercus","Insectivore","Active","Insects",""
"10","Black Drongo","Dicrurus macrocercus","Insectivore","Active","Small Reptiles",""
"11","Black Drongo","Dicrurus macrocercus","Insectivore","Active"," Nectar",""
"12","Baya Weaver Bird","Ploceus philippinus","Grainivore","Grazer","Seeds",""
"13","Baya Weaver Bird","Ploceus philippinus","Grainivore","Grazer","Nectar",""
"14","Pied Kingfisher","Ceryle rudis","Carnivore","Active","Fish"," "
"15","Pied Kingfisher","Ceryle rudis","Carnivore","Active","Insects"," "
"16","White Breasted Kingfisher","Halcyon smyrnensis","Carnivore","Active","Insects",""
"17","White Breasted Kingfisher","Halcyon smyrnensis","Carnivore","Active","Arthropds",""
"18","White Breasted Kingfisher","Halcyon smyrnensis","Carnivore","Active","Molluscs",""
"19","White Breasted Kingfisher","Halcyon smyrnensis","Carnivore","Active","Crustaeceans",""
"20","White Breasted Kingfisher","Halcyon smyrnensis","Carnivore","Active","Fish",""
"21","White Breasted Kingfisher","Halcyon smyrnensis","Carnivore","Active","Anurans",""
"22","White Breasted Kingfisher","Halcyon smyrnensis","Carnivore","Active","Small Reptiles",""
"23","White Breasted Kingfisher","Halcyon smyrnensis","Carnivore","Active","Birds",""
"24","White Breasted Kingfisher","Halcyon smyrnensis","Carnivore","Active","Rodents",""
"25","Storkbilled Kingfisher","Pelargopsis capensis","Carnivore","Active","Fish",""
"26","Storkbilled Kingfisher","Pelargopsis capensis","Carnivore","Active"," Insects",""
"27","Storkbilled Kingfisher","Pelargopsis capensis","Carnivore","Active"," Crustaeceans",""
"28","Storkbilled Kingfisher","Pelargopsis capensis","Carnivore","Active","Anurans",""
"29","Storkbilled Kingfisher","Pelargopsis capensis","Carnivore","Active","Small Rodents",""
"30","Storkbilled Kingfisher","Pelargopsis capensis","Carnivore","Active","Birds",""
"31","Cattle Egret","Bubulcus ibis","Carnivore","Active","Insects",""
"32","Cattle Egret","Bubulcus ibis","Carnivore","Active","Spiders",""
"33","Cattle Egret","Bubulcus ibis","Carnivore","Active","Anurans",""
"34","Common Iora","Aegithina tiphia","Insectivore","Active","Insects",""
"35","Common Iora","Aegithina tiphia","Insectivore","Active","Arthropods",""
"36","Red Vented Bulbul","Pycnonotus cafer","Frugivore","Browser","Fruits",""
"37","Red Vented Bulbul","Pycnonotus cafer","Frugivore","Browser","Nectar",""
"38","Red Whiskered Bulbul","Pycnonotus jocosus","Frugivore","Browser","Fruits",""
"39","Red Whiskered Bulbul","Pycnonotus jocosus","Frugivore","Browser","Nectar",""
"40","Indian Robin","Copsychus fulicatus","Insectivore","Active","Insects",""
"41","Indian Robin","Copsychus fulicatus","Insectivore","Active","Spiders",""
"42","Turtle Dove","Streptopelia orientalis","Grainivore","Grazer","Seeds",""
"43","Turtle Dove","Streptopelia orientalis","Grainivore","Grazer","Herbs",""
"44","White Wagtail","Motacilla alba","Insectivore","Active","Insects",""
"45","White Rumped Vulture","Gyps bengalensis","Carnivore","Scavenger","Carrion",""
"46","Crested Serpent Eagle","Spilornis cheela","Carnivore","Active","Reptiles","Mainly reptiles"
"47","Crested Serpent Eagle","Spilornis cheela","Carnivore","Active"," Mammals","Mainly reptiles"
"48","Crested Serpent Eagle","Spilornis cheela","Carnivore","Active"," Crustaeceans","Mainly reptiles"
"49","Crested Serpent Eagle","Spilornis cheela","Carnivore","Active"," Fish","Mainly reptiles"
"50","Crested Serpent Eagle","Spilornis cheela","Carnivore","Active"," Anurans","Mainly reptiles"
"51","Crested Serpent Eagle","Spilornis cheela","Carnivore","Active","Birds","Mainly reptiles"
"52","Purple Moorhen","Porphyrio porphyrio","Omnivore","Active","Aquatic Plants","Primarily Vegetarian"
"53","Purple Moorhen","Porphyrio porphyrio","Omnivore","Active","Molluscs","Primarily Vegetarian"
"54","Purple Moorhen","Porphyrio porphyrio","Omnivore","Active"," Annelids","Primarily Vegetarian"
"55","Purple Moorhen","Porphyrio porphyrio","Omnivore","Active"," Crustaeceans","Primarily Vegetarian"
"56","Purple Moorhen","Porphyrio porphyrio","Omnivore","Active"," Insects","Primarily Vegetarian"
"57","Purple Moorhen","Porphyrio porphyrio","Omnivore","Active","Spiders","Primarily Vegetarian"
"58","Purple Moorhen","Porphyrio porphyrio","Omnivore","Active","Fish","Primarily Vegetarian"
"59","Purple Moorhen","Porphyrio porphyrio","Omnivore","Active","Fish eggs","Primarily Vegetarian"
"60","Purple Moorhen","Porphyrio porphyrio","Omnivore","Active","Anurans","Primarily Vegetarian"
"61","Purple Moorhen","Porphyrio porphyrio","Omnivore","Active","Rodents","Primarily Vegetarian"
"62","Purple Moorhen","Porphyrio porphyrio","Omnivore","Active","Carrion 
","Primarily Vegetarian"
"63","Painted Francolin","Francolinus pictus","Grainivore","Grazer","Seeds",""
"64","Painted Francolin","Francolinus pictus","Grainivore","Grazer"," Insects",""
"65","Spotted Dove","Streptopelia chinensis","Grainivore","Grazer","Seeds",""
"66","Spotted Dove","Streptopelia chinensis","Grainivore","Grazer","Fruits",""
"67","Long Tailed Shrike","Lanius schach","Carnivore","Active","Insects",""
"68","Long Tailed Shrike","Lanius schach","Carnivore","Active","Small Mammals",""
"69","Long Tailed Shrike","Lanius schach","Carnivore","Active","Small Reptiles",""
"70","Long Tailed Shrike","Lanius schach","Carnivore","Active","Anurans",""
"71","Long Tailed Shrike","Lanius schach","Carnivore","Active","Crustaeceans",""
"72","Long Tailed Shrike","Lanius schach","Carnivore","Active","Birds
",""
"73","Jungle Babler","Turdoides striata","Omnivore","Active","Insects",""
"74","Jungle Babler","Turdoides striata","Omnivore","Active","Spiders",""
"75","Jungle Babler","Turdoides striata","Omnivore","Active","Anurans",""
"76","Jungle Babler","Turdoides striata","Omnivore","Active","Seeds",""
"77","Jungle Babler","Turdoides striata","Omnivore","Active","Fruits",""
"78","Jungle Babler","Turdoides striata","Omnivore","Active","Nectar
",""
"79","Brown Headed Barbet","Psilopogon zeylanicus","Frugivore","Grazer","Fruits",""
"80","Brown Headed Barbet","Psilopogon zeylanicus","Frugivore","Grazer","Nectar",""
"81","Brown Headed Barbet","Psilopogon zeylanicus","Frugivore","Grazer","Insects
",""
"82","House Crow","Corvus splendens","Omnivore","Scavenger","Carrion",""
"83","House Crow","Corvus splendens","Omnivore","Scavenger","Bird Eggs",""
"84","House Crow","Corvus splendens","Omnivore","Scavenger","Rodents",""
"85","House Crow","Corvus splendens","Omnivore","Scavenger","Small Reptiles",""
"86","House Crow","Corvus splendens","Omnivore","Scavenger","Anurans",""
"87","House Crow","Corvus splendens","Omnivore","Scavenger","Crustaeceans",""
"88","House Crow","Corvus splendens","Omnivore","Scavenger","Insects",""
"89","House Crow","Corvus splendens","Omnivore","Scavenger","Fruits",""
"90","House Crow","Corvus splendens","Omnivore","Scavenger","Seeds",""
"91","House Crow","Corvus splendens","Omnivore","Scavenger","Plants
",""
"92","Quaker Babler","Alcippe poioicephala","Insectivore","Active","Insects",""
"93","Quaker Babler","Alcippe poioicephala","Insectivore","Active","Nectar",""
"94","Purple Sunbird","Cinnyris asiaticus","Omnivore","Active","Insects",""
"95","Purple Sunbird","Cinnyris asiaticus","Omnivore","Active","Spiders",""
"96","Purple Sunbird","Cinnyris asiaticus","Omnivore","Active","Nectar",""
"97","Purple Sunbird","Cinnyris asiaticus","Omnivore","Active","Fruits
",""
"98","Green Bee Eater","Merops orientalis","Insectivore","Active","Insects","Mainly hymenoptera"
"99","Green Bee Eater","Merops orientalis","Insectivore","Active","Spiders","Mainly hymenoptera"
"100","Pallid Harrier","Circus macrourus","Carnivore","Active","Small mammals",""
"101","Pallid Harrier","Circus macrourus","Carnivore","Active","Birds",""
"102","Pallid Harrier","Circus macrourus","Carnivore","Active","Insects
",""
"103","Grey Jungle Fowl","Gallus sonneratii","Omnivore","Active","Seeds",""
"104","Grey Jungle Fowl","Gallus sonneratii","Omnivore","Active","Plants",""
"105","Grey Jungle Fowl","Gallus sonneratii","Omnivore","Active","Fruits",""
"106","Grey Jungle Fowl","Gallus sonneratii","Omnivore","Active","Insects",""
"107","Grey Jungle Fowl","Gallus sonneratii","Omnivore","Active","Small reptiles
",""
"108","Indian Blackbird","Turdus simillimus","Omnivore","Active","Insects",""
"109","Indian Blackbird","Turdus simillimus","Omnivore","Active","Fruits",""
"110","Shikra","Accipiter badius","Carnivore","Active","Small reptiles",""
"111","Shikra","Accipiter badius","Carnivore","Active","Birds",""
"112","Shikra","Accipiter badius","Carnivore","Active","Small mammals",""
"113","Shikra","Accipiter badius","Carnivore","Active","Anurans",""
"114","Shikra","Accipiter badius","Carnivore","Active","Insects",""
"115","Shikra","Accipiter badius","Carnivore","Active","Carrion
",""
"116","Grey Breasted Prinia","Prinia hodgsonii","Insectivore","Active","Insects",""
"117","Ashy Wren Warbler","Prinia socialis","Insectivore","Active","Insects",""
"118","Ashy Wren Warbler","Prinia socialis","Insectivore","Active","Spiders",""
"119","Roseringed Parakeet","Psittacula krameri","Frugivore","Browser","Fruits",""
"120","Roseringed Parakeet","Psittacula krameri","Frugivore","Browser","Seeds",""
"121","Roseringed Parakeet","Psittacula krameri","Frugivore","Browser","Nectar",""
"122","Roseringed Parakeet","Psittacula krameri","Frugivore","Browser","Plants
",""
"123","Pale Billed Flowepecker","Dicaeum erythrorhynchos","Frugivore","Browser","Fruits",""
"124","Pale Billed Flowepecker","Dicaeum erythrorhynchos","Frugivore","Browser","Nectar",""
"125","Pale Billed Flowepecker","Dicaeum erythrorhynchos","Frugivore","Browser","Spiders",""
"126","Pale Billed Flowepecker","Dicaeum erythrorhynchos","Frugivore","Browser","Insects
",""
"127","Pied Bushchat","Saxicola caprata","Insectivore","Active","Insects",""
"128","Pied Bushchat","Saxicola caprata","Insectivore","Active","Annelids",""
"129","Laughing Dove","Streptopelia senegalensis","Grainivore","Grazer","Seeds",""
"130","Laughing Dove","Streptopelia senegalensis","Grainivore","Grazer","Fruits",""
"131","Laughing Dove","Streptopelia senegalensis","Grainivore","Grazer","Nectar",""
"132","Laughing Dove","Streptopelia senegalensis","Grainivore","Grazer","Insects
",""
"133","Grey Wagtail","Motacilla cinerea","Insectivore","Active","Insects","Primarily insects"
"134","Grey Wagtail","Motacilla cinerea","Insectivore","Active","Crustaeceans","Primarily insects"
"135","Grey Wagtail","Motacilla cinerea","Insectivore","Active","Mollusca","Primarily insects"
"136","Grey Wagtail","Motacilla cinerea","Insectivore","Active","Spiders","Primarily insects"
"137","Yellow Wagtail","Motacilla flava","Insectivore","Active","Insects","Terrestrial and aquatic invertebrates"
"138","Yellow Wagtail","Motacilla flava","Insectivore","Active","Crustaeceans","Terrestrial and aquatic invertebrates"
"139","Yellow Wagtail","Motacilla flava","Insectivore","Active","Seeds","Terrestrial and aquatic invertebrates"
"140","Red Wattled Lapwing","Vanellus indicus","Insectivore","Active","Insects",""
"141","Red Wattled Lapwing","Vanellus indicus","Insectivore","Active","Worms",""
"142","Red Wattled Lapwing","Vanellus indicus","Insectivore","Active","Crustaeceans",""
"143","Red Wattled Lapwing","Vanellus indicus","Insectivore","Active","Molluscs",""
"144","White Cheeked Barbet","Psilopogon viridis","Frugivore","Browser","Fruits",""
"145","White Cheeked Barbet","Psilopogon viridis","Frugivore","Browser","Nectar",""
"146","White Cheeked Barbet","Psilopogon viridis","Frugivore","Browser","Insects",""
"147","White Cheeked Barbet","Psilopogon viridis","Frugivore","Browser","Worms",""
"148","White Cheeked Barbet","Psilopogon viridis","Frugivore","Browser","Spiders",""
"149","Indian Scimitar Babler","Pomatorhinus horsfieldii","Omnivore","Active","Insects",""
"150","Indian Scimitar Babler","Pomatorhinus horsfieldii","Omnivore","Active","Spiders",""
"151","Indian Scimitar Babler","Pomatorhinus horsfieldii","Omnivore","Active","Fruits",""
"152","Indian Scimitar Babler","Pomatorhinus horsfieldii","Omnivore","Active","Nectar",""
"153","Blyth's Reed Warbler","Acrocephalus dumetorum","Insectivore","Active","Insects",""
"154","Scarlet Minivet","Pericrocotus speciosus","Insectivore","Active","Insects",""
"155","Scarlet Minivet","Pericrocotus speciosus","Insectivore","Active","Spiders",""
"156","Malabar Crested lark","Galerida malabarica","","Active","Insects",""
"157","Malabar Crested lark","Galerida malabarica","","Active","Seeds",""
"158","Common Kingfisher","Alcedo atthis","Carnivore","Active","Fish",""
"159","Common Kingfisher","Alcedo atthis","Carnivore","Active","Insects",""
"160","Koel","Eudynamys scolopaceus","Frugivore","Browser","Fruits",""
"161","Koel","Eudynamys scolopaceus","Frugivore","Browser","Nectar",""
"162","Robin, Magpie","Copsychus saularis","Insectivore","Active","Insects",""
"163","Robin, Magpie","Copsychus saularis","Insectivore","Active","Worms",""
"164","Robin, Magpie","Copsychus saularis","Insectivore","Active","Molluscs",""
"165","Robin, Magpie","Copsychus saularis","Insectivore","Active","Arthopods",""
"166","Robin, Magpie","Copsychus saularis","Insectivore","Active","Crustaeceans",""
"167","Robin, Magpie","Copsychus saularis","Insectivore","Active","Spiders",""
"168","Robin, Magpie","Copsychus saularis","Insectivore","Active","Small reptiles",""
"169","Purple Rumped Sunbird","Leptocoma zeylonica","Insectivore","Active","Insects",""
"170","Purple Rumped Sunbird","Leptocoma zeylonica","Insectivore","Active","Spiders",""
"171","Purple Rumped Sunbird","Leptocoma zeylonica","Insectivore","Active","Nectar",""
"172","Purple Rumped Sunbird","Leptocoma zeylonica","Insectivore","Active","Fruits",""
"173","Forest Wagtail","Dendronanthus indicus","Insectivore","Active","Insects",""
"174","Forest Wagtail","Dendronanthus indicus","Insectivore","Active","Spiders",""
"175","Forest Wagtail","Dendronanthus indicus","Insectivore","Active","Moluscs",""
"176","Forest Wagtail","Dendronanthus indicus","Insectivore","Active","Worms",""
"177","Asian Paradise Flycatcher","Terpsiphone paradis","Insectivore","Active","Insects",""
"178","Asian Paradise Flycatcher","Terpsiphone paradis","Insectivore","Active","Spiders",""
"179","Yellow Browed Bulbul","Iole indica","Omnivore","Active","Fruits",""
"180","Yellow Browed Bulbul","Iole indica","Omnivore","Active","Seeds",""
"181","Yellow Browed Bulbul","Iole indica","Omnivore","Active","Insects",""
"182","Yellow Browed Bulbul","Iole indica","Omnivore","Active","Spiders",""
"183","Common Myna","Acridotheres tristis","Insectivore","Active","Insects",""
"184","House Swift","Apus nipalensis","Insectivore","Active","Insects",""
"185","Pond Heron","Ardeola grayii","Carnivore","Active","Fish",""
"186","Pond Heron","Ardeola grayii","Carnivore","Active","Anurans",""
"187","Pond Heron","Ardeola grayii","Carnivore","Active","Crustaeceans",""
"188","Pond Heron","Ardeola grayii","Carnivore","Active","Worms",""
"189","Pond Heron","Ardeola grayii","Carnivore","Active","Insects",""
"190","Pond Heron","Ardeola grayii","Carnivore","Active","Small reptiles",""
"191","Alpine Swift","Apus melba","Insectivore","Active","Insects",""
"192","Alpine Swift","Apus melba","Insectivore","Active","Spiders",""
"193","Black Naped Oriole","Oriolus chinensis","Omnivore","Active","Fruits","Bird nestlings"
"194","Black Naped Oriole","Oriolus chinensis","Omnivore","Active","Insects","Bird nestlings"
"195","Black Naped Oriole","Oriolus chinensis","Omnivore","Active","Small vertebrates","Bird nestlings"
"196","Asian Fairy Bluebird","Irena puella","Frugivore","Browser","Fruits",""
"197","Asian Fairy Bluebird","Irena puella","Frugivore","Browser","Nectar",""
"198","Asian Fairy Bluebird","Irena puella","Frugivore","Browser","Insects",""
"199","Rufous Bellied Babler","Dumetia hyperythra","Insectivore","Active","Insects",""
"200","Rufous Bellied Babler","Dumetia hyperythra","Insectivore","Active","Nectar",""
"201","Blue Rock Pidgeon","Columba livia","Grainivore","Active","Seed",""
"202","Blue Rock Pidgeon","Columba livia","Grainivore","Active","Fruits",""
"203","Common Tailorbird","Orthotomus sutorius","Insectivore","Active","Insects",""
"204","Common Tailorbird","Orthotomus sutorius","Insectivore","Active","Nectar",""
"205","Scaly Breasted Munia","Lonchura punctulata","Grainivore","Grazer","Seeds",""
"206","Scaly Breasted Munia","Lonchura punctulata","Grainivore","Grazer","Plants",""
"207","Scaly Breasted Munia","Lonchura punctulata","Grainivore","Grazer","Insects",""
"208","Plum Headed Parakeet","Psittacula cyanocephala","Frugivore","Browser","Fruits",""
"209","Plum Headed Parakeet","Psittacula cyanocephala","Frugivore","Browser","Seeds",""
"210","Plum Headed Parakeet","Psittacula cyanocephala","Frugivore","Browser","Nectar",""
"211","Southern Coucal","Centropus sinensis","Omnivore","Active","Small mammals",""
"212","Southern Coucal","Centropus sinensis","Omnivore","Active","Small reptiles",""
"213","Southern Coucal","Centropus sinensis","Omnivore","Active","Anurans",""
"214","Southern Coucal","Centropus sinensis","Omnivore","Active","Insects",""
"215","Southern Coucal","Centropus sinensis","Omnivore","Active","Arthropods",""
"216","Southern Coucal","Centropus sinensis","Omnivore","Active","Spiders",""
"217","Southern Coucal","Centropus sinensis","Omnivore","Active","Scorpions",""
"218","Southern Coucal","Centropus sinensis","Omnivore","Active","Crustaeceans",""
"219","Southern Coucal","Centropus sinensis","Omnivore","Active","Molluscs",""
"220","Southern Coucal","Centropus sinensis","Omnivore","Active","Bird eggs",""
"221","Southern Coucal","Centropus sinensis","Omnivore","Active","Birds",""
"222","Southern Coucal","Centropus sinensis","Omnivore","Active","Fruits",""
"223","Southern Coucal","Centropus sinensis","Omnivore","Active","Seeds",""
"224","Jungle Bush Quail","Perdicula asiatica","Grainivore","Grazer","Seeds",""
"225","Jungle Bush Quail","Perdicula asiatica","Grainivore","Grazer","Insects",""
"226","Coppersmith Barbet","Psilopogon haemacephalus","Frugivore","Browser","Fruits",""
"227","Coppersmith Barbet","Psilopogon haemacephalus","Frugivore","Browser","Insects",""
"228","Black Bulbul","Hypsipetes leucocephalus","Frugivore","Browser","Fruits",""
"229","Black Bulbul","Hypsipetes leucocephalus","Frugivore","Browser","Nectar",""
"230","Black Bulbul","Hypsipetes leucocephalus","Frugivore","Browser","Insects",""
"231","Jungle Myna","Acridotheres fuscus","Omnivore","Active","Insects",""
"232","Jungle Myna","Acridotheres fuscus","Omnivore","Active","Fruits",""
"233","Jungle Myna","Acridotheres fuscus","Omnivore","Active","Seeds",""
"234","Jungle Myna","Acridotheres fuscus","Omnivore","Active","Nectar",""
"235","Spotted Babler","Pellorneum ruficeps","Insectivore","Active","Insects",""
"236","Rose finch","Carpodacus erythrinus","Frugivore","Browser","Seeds",""
"237","Rose finch","Carpodacus erythrinus","Frugivore","Browser","Fruits",""
"238","Rose finch","Carpodacus erythrinus","Frugivore","Browser","Plants",""
"239","Rose finch","Carpodacus erythrinus","Frugivore","Browser","Nectar",""
"240","Rose finch","Carpodacus erythrinus","Frugivore","Browser","Insects",""
"241","White Bellied Blue Flycatcher","Cyornis pallidipes","Insectivore","Active","Insects",""
"242","White Bellied Blue Flycatcher","Cyornis pallidipes","Insectivore","Active","Fruits",""
"243","Black Shouldered Kite","Elanus axillaris","Carnivore","Active","Small mammals",""
"244","Black Shouldered Kite","Elanus axillaris","Carnivore","Active","Birds",""
"245","Black Shouldered Kite","Elanus axillaris","Carnivore","Active","Small reptiles",""
"246","Black Shouldered Kite","Elanus axillaris","Carnivore","Active","Insects",""
"247","Oriental Magpie Robin","Copsychus saularis","Insectivore","Active","Insects",""
"248","Oriental Magpie Robin","Copsychus saularis","Insectivore","Active","Worms",""
"249","Oriental Magpie Robin","Copsychus saularis","Insectivore","Active","Molluscs",""
"250","Oriental Magpie Robin","Copsychus saularis","Insectivore","Active","Arthropods",""
"251","Oriental Magpie Robin","Copsychus saularis","Insectivore","Active","Crustaeceans",""
"252","Oriental Magpie Robin","Copsychus saularis","Insectivore","Active","Spiders",""
"253","Oriental Magpie Robin","Copsychus saularis","Insectivore","Active","Small reptiles",""
"254","Golden Fronted Leafbird","Chloropsis aurifrons","Omnivore","Active","Insects",""
"255","Golden Fronted Leafbird","Chloropsis aurifrons","Omnivore","Active","Fruits",""
"256","Golden Fronted Leafbird","Chloropsis aurifrons","Omnivore","Active","Nectar",""
"257","Red Whiskered Bubul","Pycnonotus jocosus","Omnivore","Active","Fruits",""
"258","Red Whiskered Bubul","Pycnonotus jocosus","Omnivore","Active","Nectar",""
"259","Red Whiskered Bubul","Pycnonotus jocosus","Omnivore","Active","InsectsSpiders",""
"260","Common Tailor Bird","Orthotomus sutorius","Insectivore","Active","Insects",""
"261","Common Tailor Bird","Orthotomus sutorius","Insectivore","Active","Nectar",""
"262","Red Spurfowl","Galloperdix spadicea","Frugivore","Browser","Seeds",""
"263","Red Spurfowl","Galloperdix spadicea","Frugivore","Browser","Fruits",""
"264","Yellow Throated Sparrow","Gymnoris xanthocollis","Grainivore","Grazer","Seeds",""
"265","Yellow Throated Sparrow","Gymnoris xanthocollis","Grainivore","Grazer","Fruits",""
"266","Yellow Throated Sparrow","Gymnoris xanthocollis","Grainivore","Grazer","Nectar",""
"267","Yellow Throated Sparrow","Gymnoris xanthocollis","Grainivore","Grazer","Insects ",""
"268","Oriental Trutle Dove","Streptopelia orientalis","Grainivore","Grazer","Seeds",""
"269","Oriental Trutle Dove","Streptopelia orientalis","Grainivore","Grazer","Herbs",""
"270","Oriental Trutle Dove","Streptopelia orientalis","Grainivore","Grazer","Plants",""
"271","Orange Minivet","Pericrocotus flammeus","Insectivore","Active","Insects",""
"272","Orange Minivet","Pericrocotus flammeus","Insectivore","Active","Spiders",""
"273","Little Egret","Egretta garzetta","Carnivore","Active","Insects",""
"274","Little Egret","Egretta garzetta","Carnivore","Active","Crustaeceans",""
"275","Little Egret","Egretta garzetta","Carnivore","Active","Fish",""
"276","Little Egret","Egretta garzetta","Carnivore","Active","Anurans",""
"277","Little Egret","Egretta garzetta","Carnivore","Active","Molluscs",""
"278","Little Egret","Egretta garzetta","Carnivore","Active","Spiders",""
"279","Little Egret","Egretta garzetta","Carnivore","Active","Worms",""
"280","Little Egret","Egretta garzetta","Carnivore","Active","Small Reptiles",""
"281","Little Egret","Egretta garzetta","Carnivore","Active","Birds",""
"282","Tree Pipit","Anthus trivialis","Insectivore","Active","Insects",""
"283","Crimson Backed Sunbird","Leptocoma minima","Insectivore","Active","Insects",""
"284","Crimson Backed Sunbird","Leptocoma minima","Insectivore","Active","Spiders",""
"285","Crimson Backed Sunbird","Leptocoma minima","Insectivore","Active","Nectar",""
"286","Orange Headed Ground Thrush","Geokichla citrina","Omnivore","Active","Insects",""
"287","Orange Headed Ground Thrush","Geokichla citrina","Omnivore","Active","Worms",""
"288","Orange Headed Ground Thrush","Geokichla citrina","Omnivore","Active","Molluscs",""
"289","Orange Headed Ground Thrush","Geokichla citrina","Omnivore","Active","Fruits",""
"290","Orange Headed Ground Thrush","Geokichla citrina","Omnivore","Active","Seeds",""
"291","Puff Throated Babler","Pellorneum ruficeps","Insectivore","Active","Insects",""
"292","Brown Cheeked Fulvetta","Alcippe poioicephala","Insectivore","Active","Insects",""
"293","Brown Cheeked Fulvetta","Alcippe poioicephala","Insectivore","Active","Nectar",""
"294","Malabar Whistling Thrush","Myophonus horsfieldii","Insectivore","Active","Insects","Aquatic"
"295","Malabar Whistling Thrush","Myophonus horsfieldii","Insectivore","Active","Molluscs","Aquatic"
"296","Malabar Whistling Thrush","Myophonus horsfieldii","Insectivore","Active","Crustaecenas","Aquatic"
"297","Blue Naped Monarch","Hypothymis azurea","Insectivore","Active","Insects",""
"298","Emerald Dove","Chalcophaps indica","Grainivore","Grazer","Seed",""
"299","Emerald Dove","Chalcophaps indica","Grainivore","Grazer","Fruits",""
"300","Emerald Dove","Chalcophaps indica","Grainivore","Grazer","Insects",""
"301","Golden Oriole","Oriolus kundoo","Omnivore","Active","Fruits",""
"302","Golden Oriole","Oriolus kundoo","Omnivore","Active","Nectar",""
"303","Golden Oriole","Oriolus kundoo","Omnivore","Active","Insects",""
"304","Golden Oriole","Oriolus kundoo","Omnivore","Active","Spiders",""
"305","Great Tit","Parus major","Omnivore","Active","Insects",""
"306","Great Tit","Parus major","Omnivore","Active","Seeds",""
"307","Great Tit","Parus major","Omnivore","Active","Arachnids",""
"308","Great Tit","Parus major","Omnivore","Active","Molluscs",""
"309","Great Tit","Parus major","Omnivore","Active","Crustaeceans",""
"310","Great Tit","Parus major","Omnivore","Active","Fruits",""
"311","Indian Grey Hornbill","Ocyceros birostris","Frugivore","Browser","Fruits",""
"312","Indian Grey Hornbill","Ocyceros birostris","Frugivore","Browser","Insects",""
"313","Indian Grey Hornbill","Ocyceros birostris","Frugivore","Browser","Small reptiles",""
"314","Indian Grey Hornbill","Ocyceros birostris","Frugivore","Browser","Small Mammals",""
"315","Sulphur Bellied Warbler","Phylloscopus griseolus","Insectivore","Active","Insects",""
"316","Sulphur Bellied Warbler","Phylloscopus griseolus","Insectivore","Active","Molluscs",""
"317","Tickle's Blue Flycatcher","Cyornis tickelliae","Insectivore","Active","Insects",""
"318","Bay Backed shrike","Lanius vittatus","Insectivore","Active","Insects",""
"319","Bay Backed shrike","Lanius vittatus","Insectivore","Active","Small reptiles",""
"320","Bay Backed shrike","Lanius vittatus","Insectivore","Active","Small Mammals",""
"321","Bay Backed shrike","Lanius vittatus","Insectivore","Active","Birds",""
"322","Nilgiri Wood Pidgeon","Columba elphinstonii","Frugivore","Browser","Fruits",""
"323","Nilgiri Wood Pidgeon","Columba elphinstonii","Frugivore","Browser","Molluscs",""
"324","Common Hawk Cuckoo","Hierococcyx varius","Omnivore","Active","Insects",""
"325","Common Hawk Cuckoo","Hierococcyx varius","Omnivore","Active","Fruits",""
"326","Common Hawk Cuckoo","Hierococcyx varius","Omnivore","Active","Small Reptiles",""
"327","Common Wood Shrike","Tephrodornis pondicerianus","Insectivore","Active","Insects",""
"328","Common Wood Shrike","Tephrodornis pondicerianus","Insectivore","Active","Spiders",""
"329","Common Wood Shrike","Tephrodornis pondicerianus","Insectivore","Active","Fruits",""
"330","Vigor's Sunbird","Aethopyga vigorsii","Frugivore","Browser","Nectar",""
"331","Vigor's Sunbird","Aethopyga vigorsii","Frugivore","Browser","Insects",""
"332","Vigor's Sunbird","Aethopyga vigorsii","Frugivore","Browser","Spiders",""
"333","White Rumped Shama","Copsychus malabaricus","Insectivore","Active","Insects",""
"334","White Rumped Shama","Copsychus malabaricus","Insectivore","Active","Worms",""
"335","White Rumped Shama","Copsychus malabaricus","Insectivore","Active","Fruits",""
"336","Malabar Lark","Galerida malabarica","Omnivore","Grazer","Seeds",""
"337","Malabar Lark","Galerida malabarica","Omnivore","Grazer","Insects",""
"338","LAughing Dove","Streptopelia senegalensis","Grainivore","Grazer","Seeds",""
"339","LAughing Dove","Streptopelia senegalensis","Grainivore","Grazer","Fruits",""
"340","LAughing Dove","Streptopelia senegalensis","Grainivore","Grazer","Nectar",""
"341","LAughing Dove","Streptopelia senegalensis","Grainivore","Grazer","Insects",""
"342","Black Headed Oriole","Oriolus xanthornus","Frugivore","Browser","Fruits",""
"343","Black Headed Oriole","Oriolus xanthornus","Frugivore","Browser","Nectar",""
"344","Black Headed Oriole","Oriolus xanthornus","Frugivore","Browser","Insects",""
"345","Thick Billed Flowerpecker","Dicaeum agile","Frugivore","Browser","Fruits",""
"346","Thick Billed Flowerpecker","Dicaeum agile","Frugivore","Browser","InsectsSpiders",""
"347","Black Naped Monarch","Hypothymis azurea","Insectivore","Active","Insects",""
"348","Little Swift","Apus affinis","Insectivore","Active","Insects",""
"349","Pale-billed Flowerpecker","Dicaeum erythrorhynchos","Frugivore","Browser","Fruits",""
"350","Pale-billed Flowerpecker","Dicaeum erythrorhynchos","Frugivore","Browser","Nectar,Insects",""
"351","Pale-billed Flowerpecker","Dicaeum erythrorhynchos","Frugivore","Browser","Spiders",""
"352","Brahminy Starling","Sturnia pagodarum","Omnivore","Active","Insects",""
"353","Brahminy Starling","Sturnia pagodarum","Omnivore","Active","Fruits",""
"354","Brahminy Starling","Sturnia pagodarum","Omnivore","Active","Nectar",""
"355","Brahminy Starling","Sturnia pagodarum","Omnivore","Active","Spiders",""
"356","Brahminy Starling","Sturnia pagodarum","Omnivore","Active","Molluscs",""
"357","Small Minivet","Pericrocotus cinnamomeus","Insectivore","Active","Insects",""
"358","Grey Heron","Ardea cinerea","Carnivore","Active","Fish",""
"359","Grey Heron","Ardea cinerea","Carnivore","Active","Anurans",""
"360","Grey Heron","Ardea cinerea","Carnivore","Active","Small Reptiles",""
"361","Grey Heron","Ardea cinerea","Carnivore","Active","Molluscs",""
"362","Grey Heron","Ardea cinerea","Carnivore","Active","Crustaeceans",""
"363","Grey Heron","Ardea cinerea","Carnivore","Active","Insects",""
"364","Grey Heron","Ardea cinerea","Carnivore","Active","Small mammals",""
"365","Grey Heron","Ardea cinerea","Carnivore","Active","Birds",""
"366","White Eyed Buzzard","Butastur teesa","Carnivore","Active","Small mammals",""
"367","White Eyed Buzzard","Butastur teesa","Carnivore","Active","Small reptiles",""
"368","White Eyed Buzzard","Butastur teesa","Carnivore","Active","Anurans",""
"369","White Eyed Buzzard","Butastur teesa","Carnivore","Active","Insects",""
"370","White Eyed Buzzard","Butastur teesa","Carnivore","Active","Crustaeceans",""
"371","White Eyed Buzzard","Butastur teesa","Carnivore","Active","Birds",""
"372","Large Grey babler","Turdoides malcolmi","Insectivore","Active","Insects",""
"373","Large Grey babler","Turdoides malcolmi","Insectivore","Active","Seeds",""
"374","Large Grey babler","Turdoides malcolmi","Insectivore","Active","Fruits",""
"375","Brown Cheeked FUlvetta","Alcippe poioicephala","Insectivore","Active","Insects",""
"376","Brown Cheeked FUlvetta","Alcippe poioicephala","Insectivore","Active","Nectar",""
"377","White Browed Wagtail","Motacilla maderaspatensis","Insectivore","Active","Insects",""
"378","White Browed Wagtail","Motacilla maderaspatensis","Insectivore","Active","Molluscs",""
"379","Little Stint","Calidris minuta","Insectivore","Active","Insects",""
"380","Little Stint","Calidris minuta","Insectivore","Active","Worms",""
"381","Little Stint","Calidris minuta","Insectivore","Active","Molluscs",""
"382","Little Stint","Calidris minuta","Insectivore","Active","Crustaeceans",""
"383","Tawny Bellied Babler","Dumetia hyperythra","Insectivore","Active","Insects",""
"384","Tawny Bellied Babler","Dumetia hyperythra","Insectivore","Active","Nectar",""
"385","Little Cormorant","Microcarbo niger","Carnivore","Active","Fish",""
"386","Paddyfeild Pipit","Anthus rufulus","Insectivore","Active","Insects",""
"387","Paddyfeild Pipit","Anthus rufulus","Insectivore","Active","Spiders",""
"388","Oriental Magpie RObin","Copsychus saularis","Insectivore","Active","Insects",""
"389","Oriental Magpie RObin","Copsychus saularis","Insectivore","Active","Worms",""
"390","Oriental Magpie RObin","Copsychus saularis","Insectivore","Active","Molluscs",""
"391","Oriental Magpie RObin","Copsychus saularis","Insectivore","Active","Arthopods",""
"392","Oriental Magpie RObin","Copsychus saularis","Insectivore","Active","Crustaeceans",""
"393","Oriental Magpie RObin","Copsychus saularis","Insectivore","Active","Spiders",""
"394","Oriental Magpie RObin","Copsychus saularis","Insectivore","Active","Small reptiles",""
"395","Oriental Honey Buzzard","Pernis ptilorhynchus","Insectivore","Active","Insects","Mainly bees and wasps"
"396","Oriental Honey Buzzard","Pernis ptilorhynchus","Insectivore","Active","Honey","Mainly bees and wasps"
"397","Paddyfeild Warbler","Acrocephalus agricola","Insectivore","Active","Insects",""
"398","Paddyfeild Warbler","Acrocephalus agricola","Insectivore","Active","Spiders",""
"399","Paddyfeild Warbler","Acrocephalus agricola","Insectivore","Active","Worms",""
"400","Indian Bushchat","Saxicola caprata","Insectivore","Active","Insects",""
"401","Indian Bushchat","Saxicola caprata","Insectivore","Active","Worms",""
"402","Racket Tailed Drongo","Dicrurus remifer","Insectivore","Active","Insects",""
"403","Racket Tailed Drongo","Dicrurus remifer","Insectivore","Active","Spiders",""
"404","Racket Tailed Drongo","Dicrurus remifer","Insectivore","Active","Nectar",""
"405","Jungle Prinia","Prinia sylvatica","Insectivore","Active","Insects",""
"406","Jungle Prinia","Prinia sylvatica","Insectivore","Active","Spiders",""
"407","Jungle babler","Turdoides striata","Omnivore","Active","Insects",""
"408","Jungle babler","Turdoides striata","Omnivore","Active","Spiders",""
"409","Jungle babler","Turdoides striata","Omnivore","Active","Anurans",""
"410","Jungle babler","Turdoides striata","Omnivore","Active","Seeds",""
"411","Jungle babler","Turdoides striata","Omnivore","Active","Fruits",""
"412","Jungle babler","Turdoides striata","Omnivore","Active","Nectar ",""
"413","Plum Headed parakeet","Psittacula cyanocephala","Frugivore","Browser","Fruits",""
"414","Plum Headed parakeet","Psittacula cyanocephala","Frugivore","Browser","Nectar",""
"415","Plum Headed parakeet","Psittacula cyanocephala","Frugivore","Browser","Plants",""
"416","Brown headed Barbet","Psilopogon zeylanicus","Frugivore","Browser","Fruits",""
"417","Brown headed Barbet","Psilopogon zeylanicus","Frugivore","Browser","Nectar",""
"418","Brown headed Barbet","Psilopogon zeylanicus","Frugivore","Browser","Insects",""
"419","Brown headed Barbet","Psilopogon zeylanicus","Frugivore","Browser","Small Reptiles",""
"420","Plain Prinia","Prinia inornata","Insectivore","Active","Insects",""
"421","Common Treepie","Dendrocitta vagabunda","Omnivore","Active","Insects",""
"422","Common Treepie","Dendrocitta vagabunda","Omnivore","Active","Spiders",""
"423","Common Treepie","Dendrocitta vagabunda","Omnivore","Active","Molluscs",""
"424","Common Treepie","Dendrocitta vagabunda","Omnivore","Active","Birds",""
"425","Common Treepie","Dendrocitta vagabunda","Omnivore","Active","Bird Eggs",""
"426","Common Treepie","Dendrocitta vagabunda","Omnivore","Active","Small Mammals",""
"427","Common Treepie","Dendrocitta vagabunda","Omnivore","Active","Small Reptiles",""
"428","Common Treepie","Dendrocitta vagabunda","Omnivore","Active","AnuransFruits",""
"429","Common Treepie","Dendrocitta vagabunda","Omnivore","Active","Nectar",""
"430","Plain Martin","Riparia paludicola","Insectivore","Active","Insects",""
"431","Taiga Flycatcher","Ficedula albicilla","Insectivore","Active","Insects",""
"432","Taiga Flycatcher","Ficedula albicilla","Insectivore","Active","Spiders",""
"433","Taiga Flycatcher","Ficedula albicilla","Insectivore","Active","Arthropods",""
"434","Taiga Flycatcher","Ficedula albicilla","Insectivore","Active","Worms",""
"435","Taiga Flycatcher","Ficedula albicilla","Insectivore","Active","Molluscs",""
"436","Taiga Flycatcher","Ficedula albicilla","Insectivore","Active","Arachnids",""
"437","Intermediate Egret","Ardea intermedia","Carnivore","Active","Fish",""
"438","Intermediate Egret","Ardea intermedia","Carnivore","Active","Anurans",""
"439","Intermediate Egret","Ardea intermedia","Carnivore","Active","Small Reptiles",""
"440","Intermediate Egret","Ardea intermedia","Carnivore","Active","Insecys",""
"441","Intermediate Egret","Ardea intermedia","Carnivore","Active","Crustaeceans",""
"442","Intermediate Egret","Ardea intermedia","Carnivore","Active","Spirds",""
"443","Intermediate Egret","Ardea intermedia","Carnivore","Active","Worms",""
"444","Intermediate Egret","Ardea intermedia","Carnivore","Active","Insects",""
"445","Citrine Wagtail","Motacilla citreola","Insectivore","Active","Insects",""
"446","Citrine Wagtail","Motacilla citreola","Insectivore","Active","Spiders",""
"447","Common Sandpiper","Actitis hypoleucos","Insectivore","Active","Insects",""
"448","Common Sandpiper","Actitis hypoleucos","Insectivore","Active","Spiders",""
"449","Common Sandpiper","Actitis hypoleucos","Insectivore","Active","Molluscs",""
"450","Common Sandpiper","Actitis hypoleucos","Insectivore","Active","Crustaeeans",""
"451","Common Sandpiper","Actitis hypoleucos","Insectivore","Active","Worms",""
"452","Common Sandpiper","Actitis hypoleucos","Insectivore","Active","Anurans",""
"453","Common Sandpiper","Actitis hypoleucos","Insectivore","Active","Fish",""
"454","Verditer Flycatcher","Eumyias thalassinus","Insectivore","Active","Insects",""
"455","Verditer Flycatcher","Eumyias thalassinus","Insectivore","Active","Fruits",""
"456","indian Robin","Copsychus fulicatus","Insectivore","Active","Insects",""
"457","indian Robin","Copsychus fulicatus","Insectivore","Active","Spiders",""
"458","Black Eagle","Ictinaetus malaiensis","Carnivore","Active","Birds",""
"459","Black Eagle","Ictinaetus malaiensis","Carnivore","Active","Small Reptiles",""
"460","Black Eagle","Ictinaetus malaiensis","Carnivore","Active","Small Mammals",""
"461","Black Eagle","Ictinaetus malaiensis","Carnivore","Active","Insects",""
"462","Common Rosefinch","Carpodacus erythrinus","Grainivore","Grazer","Seeds",""
"463","Common Rosefinch","Carpodacus erythrinus","Grainivore","Grazer","Nectar",""
"464","Common Rosefinch","Carpodacus erythrinus","Grainivore","Grazer","Fruits",""
"465","Common Rosefinch","Carpodacus erythrinus","Grainivore","Grazer","Insects",""
"466","Clamorous Reed Warbler","Acrocephalus stentoreus","Insectivore","Active","Insects",""
"467","Clamorous Reed Warbler","Acrocephalus stentoreus","Insectivore","Active","Seeds",""
"468","Clamorous Reed Warbler","Acrocephalus stentoreus","Insectivore","Active","Molluscs",""
"469","Eurasian Collared Dove","Streptopelia decaocto","Grainivore","Active","Seeds",""
"470","Ashy Prinia","Prinia socialis","Insectivore","Active","Insects",""
"471","Ashy Prinia","Prinia socialis","Insectivore","Active","Spiders",""
"472","Ashy Prinia","Prinia socialis","Insectivore","Active","Nectar",""
"473","Ashy Drongo","Dicrurus leucophaeus","Insectivore","Active","Insects",""
"474","Ashy Drongo","Dicrurus leucophaeus","Insectivore","Active","Nectar",""
"475","White Browed Fantail","Rhipidura aureola","Insectivore","Active","Insects",""
"476","Indian Silverbill","Euodice malabarica","Grainivore","Grazer","Seeds",""
"477","Indian Silverbill","Euodice malabarica","Grainivore","Grazer","Insects",""
"478","Indian Silverbill","Euodice malabarica","Grainivore","Grazer","Nectar",""
"479","Grey Francolin","Francolinus pondicerianus","Grainivore","Grazer","Seeds",""
"480","Grey Francolin","Francolinus pondicerianus","Grainivore","Grazer","Fruits",""
