Common Name,Family,Specific Epithet,Hostplant Family,Hostplant Name,Country,Source
Indian Common Crow,Nymphalidae,Euploea core,Asclepiadaceae,Cryptolepis pauciflora,India,HOSTS
Indian Common Crow,Nymphalidae,Euploea core,Moraceae,Ficus,India,HOSTS
Indian Common Crow,Nymphalidae,Euploea core,Moraceae,Ficus benghalensis,India,HOSTS
Indian Common Crow,Nymphalidae,Euploea core,Moraceae,Ficus racemosa,India,HOSTS
Indian Common Crow,Nymphalidae,Euploea core,Moraceae,Ficus religiosa,India,HOSTS
Indian Common Crow,Nymphalidae,Euploea core,Apocynaceae,Holarrhena,India,HOSTS
Indian Common Crow,Nymphalidae,Euploea core,Apocynaceae,Nerium,India,HOSTS
Indian Common Crow,Nymphalidae,Euploea core,Apocynaceae,Nerium oleander,India,HOSTS
Indian Common Crow,Nymphalidae,Euploea core,Apocynaceae,Nerium oleander,India,HOSTS
Indian Common Crow,Nymphalidae,Euploea core,Moraceae,Streblus asper,India,HOSTS
Angled Pierrot,Lycaenidae,Caleta decidia,Rhamnaceae,,Oriental,HOSTS
Lime Blue,Lycaenidae,Chilades lajus,Rutaceae,,Oriental,HOSTS
Lime Blue,Lycaenidae,Chilades lajus,Insecta,Aphididae (Z),Oriental,HOSTS
Lime Blue,Lycaenidae,Chilades lajus,Rutaceae,Atalantia buxifolia,Hong Kong,HOSTS
Lime Blue,Lycaenidae,Chilades lajus,Rutaceae,Atalantia buxifolia,Taiwan,HOSTS
Lime Blue,Lycaenidae,Chilades lajus,Rutaceae,Citrus,India,HOSTS
Lime Blue,Lycaenidae,Chilades lajus,Rutaceae,Citrus,India,HOSTS
Lime Blue,Lycaenidae,Chilades lajus,Rutaceae,Citrus,India,HOSTS
Lime Blue,Lycaenidae,Chilades lajus,Rutaceae,Citrus,Oriental,HOSTS
Lime Blue,Lycaenidae,Chilades lajus,Rutaceae,Citrus aurantifolia,India,HOSTS
Lime Blue,Lycaenidae,Chilades lajus,Rutaceae,Citrus aurantium,Sri Lanka,HOSTS
Lime Blue,Lycaenidae,Chilades lajus,Rutaceae,Citrus hystrix,Sri Lanka,HOSTS
Lime Blue,Lycaenidae,Chilades lajus,Rutaceae,Citrus limon,India,HOSTS
Lime Blue,Lycaenidae,Chilades lajus,Rutaceae,Citrus limon,Laos,HOSTS
Lime Blue,Lycaenidae,Chilades lajus,Rutaceae,Citrus maxima,India,HOSTS
Lime Blue,Lycaenidae,Chilades lajus,Rutaceae,Citrus maxima,India,HOSTS
Lime Blue,Lycaenidae,Chilades lajus,Rutaceae,Citrus maxima,Sri Lanka,HOSTS
Lime Blue,Lycaenidae,Chilades lajus,Rutaceae,Citrus maxima,Thailand,HOSTS
Lime Blue,Lycaenidae,Chilades lajus,Rutaceae,Citrus sinensis ?,India,HOSTS
Lime Blue,Lycaenidae,Chilades lajus,Rutaceae,Limonia elephantum,Sri Lanka,HOSTS
Lime Blue,Lycaenidae,Chilades lajus,Rutaceae,Limonia elephantum,Sri Lanka,HOSTS
Lime Blue,Lycaenidae,Chilades lajus,Anacardiaceae,Mangifera indica,India,HOSTS
Lime Blue,Lycaenidae,Chilades lajus,Rutaceae,Severinia buxifolia,Taiwan,HOSTS
Lime Blue,Lycaenidae,Chilades lajus,Tiliaceae,Tilia,India,HOSTS
Common Small Flat,Hesperiidae,Sarandgesa dasahara,Acanthaceae,Asytasia,,IFB
Common Small Flat,Hesperiidae,Sarandgesa dasahara,Acanthaceae,Blepharis asperrima,,IFB
Common Small Flat,Hesperiidae,Sarandgesa dasahara,Acanthaceae,Lepidagathis cuspidaa,,IFB
Common Mormon,Papilionidae,Papilio polytes,Rutaceae,Aegle marmelos,India,HOSTS
Common Mormon,Papilionidae,Papilio polytes,Rutaceae,Aegle marmelos,India,HOSTS
Common Mormon,Papilionidae,Papilio polytes,Rutaceae,Citrus,India,HOSTS
Common Mormon,Papilionidae,Papilio polytes,Rutaceae,Citrus,India,HOSTS
Common Mormon,Papilionidae,Papilio polytes,Rutaceae,Citrus aurantifolia,India,HOSTS
Common Mormon,Papilionidae,Papilio polytes,Rutaceae,Citrus sinensis,India,HOSTS
Common Mormon,Papilionidae,Papilio polytes,Rutaceae,Correa,India,HOSTS
Common Mormon,Papilionidae,Papilio polytes,Rutaceae,Glycosmis,India,HOSTS
Common Mormon,Papilionidae,Papilio polytes,Rutaceae,Murraya,India,HOSTS
Common Mormon,Papilionidae,Papilio polytes,Rutaceae,Murraya koenigii,India,HOSTS
Common Mormon,Papilionidae,Papilio polytes,Rutaceae,Triphasia,India,HOSTS
Common Mormon,Papilionidae,Papilio polytes,Rutaceae,Zanthoxylum,India,HOSTS
Chocolate Pansy,Nymphalidae,Junonia iphita,Acanthaceae,Hygrophila costata,India,HOSTS
Chocolate Pansy,Nymphalidae,Junonia iphita,Acanthaceae,Justicia micrantha,India,HOSTS
Chocolate Pansy,Nymphalidae,Junonia iphita,Acanthaceae,Justicia procumbens,Taiwan,HOSTS
Chocolate Pansy,Nymphalidae,Junonia iphita,Acanthaceae,Justicia procumbens,Taiwan,HOSTS
Chocolate Pansy,Nymphalidae,Junonia iphita,Acanthaceae,Justicia sphaerosperma,West Malaysia,HOSTS
Chocolate Pansy,Nymphalidae,Junonia iphita,Acanthaceae,Lepidagathis formosensis,Taiwan,HOSTS
Chocolate Pansy,Nymphalidae,Junonia iphita,Acanthaceae,Lepidagathis formosensis,Taiwan,HOSTS
Chocolate Pansy,Nymphalidae,Junonia iphita,Acanthaceae,Strobilanthes,India,HOSTS
Chocolate Pansy,Nymphalidae,Junonia iphita,Acanthaceae,Strobilanthes,West Malaysia,HOSTS
Chocolate Pansy,Nymphalidae,Junonia iphita,Acanthaceae,Strobilanthes callosus,India,HOSTS
Chocolate Pansy,Nymphalidae,Junonia iphita,Acanthaceae,Strobilanthes formosanus,Taiwan,HOSTS
Chocolate Pansy,Nymphalidae,Junonia iphita,Acanthaceae,Strobilanthes formosanus,Taiwan,HOSTS
Common Emigrant,Pieridae,Catopsilia pomona,Leguminosae (c),Cassia,India,HOSTS
Common Emigrant,Pieridae,Catopsilia pomona,Leguminosae (c),Cassia fistula,India,HOSTS
Common Emigrant,Pieridae,Catopsilia pomona,Leguminosae (c),Cassia fistula,India,HOSTS
Common Emigrant,Pieridae,Catopsilia pomona,Leguminosae (c),Senna siamea,India,HOSTS
Pioneer,Pieridae,Belenois aurota,Capparaceae,Boscia,Afrotropical,HOSTS
Pioneer,Pieridae,Belenois aurota,Capparaceae,Capparis,Afrotropical,HOSTS
Pioneer,Pieridae,Belenois aurota,Capparaceae,Capparis,India,HOSTS
Pioneer,Pieridae,Belenois aurota,Capparaceae,Maerua,Afrotropical,HOSTS
Gram Blue,Lycaenidae,Euchrysops cnejus,Leguminosae,,India,HOSTS
Gram Blue,Lycaenidae,Euchrysops cnejus,Leguminosae (m),Acacia,India,HOSTS
Gram Blue,Lycaenidae,Euchrysops cnejus,Leguminosae (p),Butea monosperma,India,HOSTS
Gram Blue,Lycaenidae,Euchrysops cnejus,Leguminosae (p),Cajanus cajan,India,HOSTS
Gram Blue,Lycaenidae,Euchrysops cnejus,Leguminosae (p),Cajanus cajan,India,HOSTS
Gram Blue,Lycaenidae,Euchrysops cnejus,Leguminosae (p),Canavalia ensiformis,India,HOSTS
Gram Blue,Lycaenidae,Euchrysops cnejus,Leguminosae (p),Lablab purpureus,India,HOSTS
Gram Blue,Lycaenidae,Euchrysops cnejus,Leguminosae (p),Phaseolus,India,HOSTS
Gram Blue,Lycaenidae,Euchrysops cnejus,Leguminosae (p),Vigna radiata,India,HOSTS
Gram Blue,Lycaenidae,Euchrysops cnejus,Leguminosae (p),Vigna trilobata,India,HOSTS
Gram Blue,Lycaenidae,Euchrysops cnejus,Leguminosae (p),Vigna unguiculata,India,HOSTS
Gram Blue,Lycaenidae,Euchrysops cnejus,Leguminosae (p),Vigna unguiculata,India,HOSTS
Common Silverline,Lycaenidae,Spindasis vulcanus,Rhamnaceae,,Oriental,HOSTS
Common Silverline,Lycaenidae,Spindasis vulcanus,Rubiaceae,,Oriental,HOSTS
Common Silverline,Lycaenidae,Spindasis vulcanus,Rutaceae,,Oriental,HOSTS
Common Silverline,Lycaenidae,Spindasis vulcanus,Sapindaceae,,Oriental,HOSTS
Common Silverline,Lycaenidae,Spindasis vulcanus,Verbenaceae,,Oriental,HOSTS
Mottled Emigrant,Pieridae,Catopsilia pyranthe,Leguminosae,,India,HOSTS
Mottled Emigrant,Pieridae,Catopsilia pyranthe,Leguminosae (c),Cassia auriculata,India,HOSTS
Mottled Emigrant,Pieridae,Catopsilia pyranthe,Leguminosae (c),Cassia fistula,India,HOSTS
Mottled Emigrant,Pieridae,Catopsilia pyranthe,Leguminosae (c),Cassia javanica,India,HOSTS
Mottled Emigrant,Pieridae,Catopsilia pyranthe,Leguminosae (p),Ormocarpum cochinchinense,India,HOSTS
Mottled Emigrant,Pieridae,Catopsilia pyranthe,Leguminosae (c),Senna obtusifolia,India,HOSTS
Mottled Emigrant,Pieridae,Catopsilia pyranthe,Leguminosae (c),Senna occidentalis,India,HOSTS
Mottled Emigrant,Pieridae,Catopsilia pyranthe,Leguminosae (c),Senna sophera,India,HOSTS
Mottled Emigrant,Pieridae,Catopsilia pyranthe,Leguminosae (c),Senna sulfurea,India,HOSTS
Mottled Emigrant,Pieridae,Catopsilia pyranthe,Leguminosae (p),Sesbania,India,HOSTS
Mottled Emigrant,Pieridae,Catopsilia pyranthe,Leguminosae (p),Sesbania,India,HOSTS
Mottled Emigrant,Pieridae,Catopsilia pyranthe,Leguminosae (p),Sesbania bispinosa,India,HOSTS
Mottled Emigrant,Pieridae,Catopsilia pyranthe,Leguminosae (p),Sesbania grandiflora,India,HOSTS
Mottled Emigrant,Pieridae,Catopsilia pyranthe,Leguminosae (p),Sesbania sesban,India,HOSTS
Yellow Pansy,Nymphalidae,Junonia hierta,Acanthaceae,Asystasia,India,HOSTS
Yellow Pansy,Nymphalidae,Junonia hierta,Acanthaceae,Eremomastax,India,HOSTS
Yellow Pansy,Nymphalidae,Junonia hierta,Acanthaceae,Hygrophila costata,India,HOSTS
Yellow Pansy,Nymphalidae,Junonia hierta,Acanthaceae,Justicia,India,HOSTS
Yellow Pansy,Nymphalidae,Junonia hierta,Acanthaceae,Ruellia,India,HOSTS
Lemon Pansy,Nymphalidae,Junonia lemonias,Tiliaceae,Corchorus,India,HOSTS
Lemon Pansy,Nymphalidae,Junonia lemonias,Acanthaceae,Hygrophila costata,India,HOSTS
Lemon Pansy,Nymphalidae,Junonia lemonias,Acanthaceae,Nelsonia canescens,India,HOSTS
Lemon Pansy,Nymphalidae,Junonia lemonias,Malvaceae,Sida rhombifolia,India,HOSTS
Psyche,Pieridae,Leptosia nina,Capparaceae,Capparis,India,HOSTS
Psyche,Pieridae,Leptosia nina,Capparaceae,Capparis formosana,Taiwan,HOSTS
Psyche,Pieridae,Leptosia nina,Capparaceae,Capparis heydeana,India,HOSTS
Psyche,Pieridae,Leptosia nina,Capparaceae,Capparis heydeana,West Malaysia,HOSTS
Psyche,Pieridae,Leptosia nina,Capparaceae,Capparis lanceolaris,Taiwan,HOSTS
Psyche,Pieridae,Leptosia nina,Capparaceae,Capparis obovata,Taiwan,HOSTS
Psyche,Pieridae,Leptosia nina,Capparaceae,Capparis sikkimensis,Taiwan,HOSTS
Psyche,Pieridae,Leptosia nina,Capparaceae,Capparis spinosa,India,HOSTS
Psyche,Pieridae,Leptosia nina,Capparaceae,Capparis tomentosa,Taiwan,HOSTS
Psyche,Pieridae,Leptosia nina,Capparaceae,Capparis zeylanica,Philippines,HOSTS
Psyche,Pieridae,Leptosia nina,Capparaceae,Cleome gynandra,Taiwan,HOSTS
Psyche,Pieridae,Leptosia nina,Capparaceae,Cleome rutidosperma,Philippines,HOSTS
Psyche,Pieridae,Leptosia nina,Capparaceae,Cleome viscosa,Andaman Islands,HOSTS
Psyche,Pieridae,Leptosia nina,Capparaceae,Cleome viscosa,Taiwan,HOSTS
Psyche,Pieridae,Leptosia nina,Capparaceae,Crateva adansonii,Taiwan,HOSTS
Psyche,Pieridae,Leptosia nina,Capparaceae,Crateva religiosa,India,HOSTS
Psyche,Pieridae,Leptosia nina,Capparaceae,Crateva religiosa,West Malaysia,HOSTS
Psyche,Pieridae,Leptosia nina,Rhamnaceae,Rhamnus parvifolia,Taiwan,HOSTS
Spotted Flat,Hesperiidae,Celaenorrhinus ambareesa,Acanthaceae,Strobilanthes callosus,India,HOSTS
Rustic,Nymphalidae,Cupha erymanthis,Flacourtiaceae,,Andaman Islands,HOSTS
Rustic,Nymphalidae,Cupha erymanthis,Flacourtiaceae,Flacourtia,India,HOSTS
Rustic,Nymphalidae,Cupha erymanthis,Flacourtiaceae,Flacourtia,West Malaysia,HOSTS
Rustic,Nymphalidae,Cupha erymanthis,Flacourtiaceae,Flacourtia,West Malaysia,HOSTS
Rustic,Nymphalidae,Cupha erymanthis,Flacourtiaceae,Flacourtia montana,India,HOSTS
Rustic,Nymphalidae,Cupha erymanthis,Flacourtiaceae,Flacourtia ramontchii,India,HOSTS
Rustic,Nymphalidae,Cupha erymanthis,Flacourtiaceae,Flacourtia rukam,Hong Kong,HOSTS
Rustic,Nymphalidae,Cupha erymanthis,Euphorbiaceae,Glochidion eriocarpum,India,HOSTS
Rustic,Nymphalidae,Cupha erymanthis,Flacourtiaceae,Homalium cochinchinensis,Hong Kong,HOSTS
Rustic,Nymphalidae,Cupha erymanthis,Sapindaceae,Lepisanthes rubiginosum,West Malaysia,HOSTS
Rustic,Nymphalidae,Cupha erymanthis,Sapindaceae,Lepisanthes rubiginosum,West Malaysia,HOSTS
Rustic,Nymphalidae,Cupha erymanthis,Rosaceae,Photinia benthamiana ?,Oriental,HOSTS
Rustic,Nymphalidae,Cupha erymanthis,Salicaceae,Salix babylonica,Taiwan,HOSTS
Rustic,Nymphalidae,Cupha erymanthis,Salicaceae,Salix babylonica,Taiwan,HOSTS
Rustic,Nymphalidae,Cupha erymanthis,Flacourtiaceae,Scolopia chinensis,China,HOSTS
Rustic,Nymphalidae,Cupha erymanthis,Flacourtiaceae,Scolopia chinensis,Hong Kong,HOSTS
Rustic,Nymphalidae,Cupha erymanthis,Flacourtiaceae,Scolopia crenata,Hong Kong,HOSTS
Rustic,Nymphalidae,Cupha erymanthis,Flacourtiaceae,Scolopia oldhami,Taiwan,HOSTS
Rustic,Nymphalidae,Cupha erymanthis,Flacourtiaceae,Scolopia oldhami,Taiwan,HOSTS
Rustic,Nymphalidae,Cupha erymanthis,Flacourtiaceae,Scolopia saeva,Hong Kong,HOSTS
Rustic,Nymphalidae,Cupha erymanthis,Flacourtiaceae,Xylosma racemosa,China,HOSTS
Glassy Tiger,Nymphalidae,Parantica aglea,Asclepiadaceae,Calotropis,Oriental,HOSTS
Glassy Tiger,Nymphalidae,Parantica aglea,Asclepiadaceae,Ceropegia,Andaman Islands,HOSTS
Glassy Tiger,Nymphalidae,Parantica aglea,Asclepiadaceae,Cryptolepis buchanani,Oriental,HOSTS
Glassy Tiger,Nymphalidae,Parantica aglea,Asclepiadaceae,Cynanchum lanhsuense,Taiwan,HOSTS
Glassy Tiger,Nymphalidae,Parantica aglea,Asclepiadaceae,Tylophora flexuosa,Oriental,HOSTS
Glassy Tiger,Nymphalidae,Parantica aglea,Asclepiadaceae,Tylophora flexuosa,West Malaysia,HOSTS
Glassy Tiger,Nymphalidae,Parantica aglea,Asclepiadaceae,Tylophora ovata,Hong Kong,HOSTS
Glassy Tiger,Nymphalidae,Parantica aglea,Asclepiadaceae,Tylophora ovata,Oriental,HOSTS
Glassy Tiger,Nymphalidae,Parantica aglea,Asclepiadaceae,Tylophora ovata,Taiwan,HOSTS
Common Line Blue,Lycaenidae,Prosotas nora,Myrtaceae,,Indo-Australian,HOSTS
Common Line Blue,Lycaenidae,Prosotas nora,Sapindaceae,,Indo-Australian,HOSTS
Common Line Blue,Lycaenidae,Prosotas nora,Combretaceae,,Indo-Australian,HOSTS
Common Line Blue,Lycaenidae,Prosotas nora,Leguminosae,,Indo-Australian,HOSTS
Common Line Blue,Lycaenidae,Prosotas nora,Leguminosae,,Oriental,HOSTS
Common Line Blue,Lycaenidae,Prosotas nora,Leguminosae (m),Acacia,India,HOSTS
Common Line Blue,Lycaenidae,Prosotas nora,Leguminosae (m),Acacia caesia,India,HOSTS
Common Line Blue,Lycaenidae,Prosotas nora,Leguminosae (m),Acacia nilotica,Pakistan,HOSTS
Common Line Blue,Lycaenidae,Prosotas nora,Leguminosae (m),Mimosa himalayana,Pakistan,HOSTS
Blue Mormon,Papilionidae,Papilio polymnestor,Rutaceae,Atalantia,India,HOSTS
Blue Mormon,Papilionidae,Papilio polymnestor,Rutaceae,Citrus,India,HOSTS
Blue Mormon,Papilionidae,Papilio polymnestor,Rutaceae,Citrus,India,HOSTS
Blue Mormon,Papilionidae,Papilio polymnestor,Rutaceae,Citrus,Oriental,HOSTS
Blue Mormon,Papilionidae,Papilio polymnestor,Rutaceae,Citrus,Sri Lanka,HOSTS
Blue Mormon,Papilionidae,Papilio polymnestor,Rutaceae,Citrus maxima,India,HOSTS
Blue Mormon,Papilionidae,Papilio polymnestor,Guttiferae,Garcinia xanthochymus,India,HOSTS
Blue Mormon,Papilionidae,Papilio polymnestor,Rubiaceae,Gardenia xanthochymus,India,HOSTS
Blue Mormon,Papilionidae,Papilio polymnestor,Rutaceae,Murraya koenigii,India,HOSTS
Blue Mormon,Papilionidae,Papilio polymnestor,Rutaceae,Paramignya andamanica,India,HOSTS
Blue Mormon,Papilionidae,Papilio polymnestor,Rutaceae,Paramignya monophylla,India,HOSTS
Plain Tiger,Nymphalidae,Danaus chrysippus,Gramineae,,India,HOSTS
Plain Tiger,Nymphalidae,Danaus chrysippus,Asclepiadaceae,Calotropis,India,HOSTS
Plain Tiger,Nymphalidae,Danaus chrysippus,Asclepiadaceae,Calotropis,India,HOSTS
Plain Tiger,Nymphalidae,Danaus chrysippus,Asclepiadaceae,Calotropis gigantea,India,HOSTS
Plain Tiger,Nymphalidae,Danaus chrysippus,Asclepiadaceae,Calotropis procera,India,HOSTS
Plain Tiger,Nymphalidae,Danaus chrysippus,Malvaceae,Hibiscus,India,HOSTS
Plain Tiger,Nymphalidae,Danaus chrysippus,Malvaceae,Hibiscus,India,HOSTS
Water Snow Flat,Hesperiidae,Tagiades litigiosa,Dioscoreaceae,Dioscorea,Andaman Islands,HOSTS
Water Snow Flat,Hesperiidae,Tagiades litigiosa,Dioscoreaceae,Dioscorea cirrhosa,Hong Kong,HOSTS
Water Snow Flat,Hesperiidae,Tagiades litigiosa,Dioscoreaceae,Dioscorea cirrhosa,Hong Kong,HOSTS
Water Snow Flat,Hesperiidae,Tagiades litigiosa,Dioscoreaceae,Dioscorea fordii,Hong Kong,HOSTS
Water Snow Flat,Hesperiidae,Tagiades litigiosa,Dioscoreaceae,Dioscorea fordii,Hong Kong,HOSTS
Water Snow Flat,Hesperiidae,Tagiades litigiosa,Dioscoreaceae,Dioscorea oppositifolia,India,HOSTS
Water Snow Flat,Hesperiidae,Tagiades litigiosa,Dipterocarpaceae,Shorea roxburghii,India,HOSTS
Water Snow Flat,Hesperiidae,Tagiades litigiosa,Smilacaceae,Smilax,India,HOSTS
Suffused Double Banded Judy,Lycaenidae,Abisara bifasciata,Myrsinaceae,Ardisia solanacea,Andaman Islands,HOSTS
Common Sailor,Nymphalidae,Neptis hylas,Bombacaceae,Bombax,India,HOSTS
Common Sailor,Nymphalidae,Neptis hylas,Leguminosae (p),Canavalia ensiformis,India,HOSTS
Common Sailor,Nymphalidae,Neptis hylas,Tiliaceae,Corchorus,India,HOSTS
Common Sailor,Nymphalidae,Neptis hylas,Leguminosae (p),Flemingia,India,HOSTS
Common Sailor,Nymphalidae,Neptis hylas,Tiliaceae,Grewia,India,HOSTS
Common Sailor,Nymphalidae,Neptis hylas,Sterculiaceae,Helicteres,India,HOSTS
Common Sailor,Nymphalidae,Neptis hylas,Euphorbiaceae,Hevea brasiliensis,India,HOSTS
Common Sailor,Nymphalidae,Neptis hylas,Leguminosae (p),Lathyrus,India,HOSTS
Common Sailor,Nymphalidae,Neptis hylas,Leguminosae (p),Mucuna,India,HOSTS
Common Sailor,Nymphalidae,Neptis hylas,Icacinaceae,Nothapodytes foetida,India,HOSTS
Common Sailor,Nymphalidae,Neptis hylas,Leguminosae (p),Paracalyx,India,HOSTS
Common Sailor,Nymphalidae,Neptis hylas,Tiliaceae,Triumfetta,India,HOSTS
Common Sailor,Nymphalidae,Neptis hylas,Leguminosae (p),Vigna unguiculata,India,HOSTS
Common Sailor,Nymphalidae,Neptis hylas,Leguminosae (m),Xylia,India,HOSTS
Blue Oak Leaf,Nymphalidae,Kallima horsfieldi,Acanthaceae,Eranthemum malabaricum,India,HOSTS
Blue Oak Leaf,Nymphalidae,Kallima horsfieldi,Acanthaceae,Strobilanthes callosus,India,HOSTS
Common Five Ring,Nymphalidae,Ypthima ceylonica,Gramineae,,India,HOSTS
Common Five Ring,Nymphalidae,Ypthima ceylonica,Gramineae,,India,HOSTS
Pea Blue,Lycaenidae,Lampides boeticus,Leguminosae,,India,HOSTS
Pea Blue,Lycaenidae,Lampides boeticus,Leguminosae (p),Butea monosperma,India,HOSTS
Pea Blue,Lycaenidae,Lampides boeticus,Leguminosae (p),Butea monosperma,India,HOSTS
Pea Blue,Lycaenidae,Lampides boeticus,Leguminosae (p),Butea monosperma,India,HOSTS
Pea Blue,Lycaenidae,Lampides boeticus,Leguminosae (c),Caesalpinia,India,HOSTS
Pea Blue,Lycaenidae,Lampides boeticus,Leguminosae (p),Cajanus cajan,India,HOSTS
Pea Blue,Lycaenidae,Lampides boeticus,Leguminosae (p),Cajanus cajan,India,HOSTS
Pea Blue,Lycaenidae,Lampides boeticus,Leguminosae (p),Crotalaria,India,HOSTS
Pea Blue,Lycaenidae,Lampides boeticus,Leguminosae (p),Crotalaria,India,HOSTS
Pea Blue,Lycaenidae,Lampides boeticus,Leguminosae (p),Crotalaria juncea,India,HOSTS
Pea Blue,Lycaenidae,Lampides boeticus,Leguminosae (p),Crotalaria pallida,India,HOSTS
Pea Blue,Lycaenidae,Lampides boeticus,Leguminosae (p),Crotalaria pallida,India,HOSTS
Pea Blue,Lycaenidae,Lampides boeticus,Leguminosae (p),Crotalaria saltiana,India,HOSTS
Pea Blue,Lycaenidae,Lampides boeticus,Leguminosae (p),Lablab purpureus,India,HOSTS
Pea Blue,Lycaenidae,Lampides boeticus,Leguminosae (p),Lablab purpureus,India,HOSTS
Pea Blue,Lycaenidae,Lampides boeticus,Leguminosae (p),Lupinus,India,HOSTS
Pea Blue,Lycaenidae,Lampides boeticus,Leguminosae (p),Lupinus,India,HOSTS
Pea Blue,Lycaenidae,Lampides boeticus,Leguminosae (p),Melilotus,India,HOSTS
Pea Blue,Lycaenidae,Lampides boeticus,Leguminosae (p),Pisum,India,HOSTS
Pea Blue,Lycaenidae,Lampides boeticus,Leguminosae (p),Pisum,India,HOSTS
Pea Blue,Lycaenidae,Lampides boeticus,Leguminosae (p),Pisum sativum,India,HOSTS
Pea Blue,Lycaenidae,Lampides boeticus,Leguminosae (p),Pisum sativum,India,HOSTS
Pea Blue,Lycaenidae,Lampides boeticus,Leguminosae (p),Pisum sativum,India,HOSTS
Pea Blue,Lycaenidae,Lampides boeticus,Leguminosae (p),Vigna sinensis,India,HOSTS
Pea Blue,Lycaenidae,Lampides boeticus,Leguminosae (p),Vigna unguiculata,India,HOSTS
Pea Blue,Lycaenidae,Lampides boeticus,Leguminosae (m),Xylia xylocarpa,India,HOSTS
Pea Blue,Lycaenidae,Lampides boeticus,Leguminosae (m),Xylia xylocarpa,India,HOSTS
Common Grass Yellow,Pieridae,Eurema hecabe,Leguminosae,,India,HOSTS
Common Grass Yellow,Pieridae,Eurema hecabe,Leguminosae (m),Acacia,India,HOSTS
Common Grass Yellow,Pieridae,Eurema hecabe,Leguminosae (m),Albizia,India,HOSTS
Common Grass Yellow,Pieridae,Eurema hecabe,Leguminosae (m),Albizia procera,India,HOSTS
Common Grass Yellow,Pieridae,Eurema hecabe,Leguminosae (c),Caesalpinia,India,HOSTS
Common Grass Yellow,Pieridae,Eurema hecabe,Leguminosae (c),Cassia,India,HOSTS
Common Grass Yellow,Pieridae,Eurema hecabe,Leguminosae (c),Cassia,India,HOSTS
Common Grass Yellow,Pieridae,Eurema hecabe,Leguminosae (c),Cassia,India,HOSTS
Common Grass Yellow,Pieridae,Eurema hecabe,Leguminosae (c),Moullava,India,HOSTS
Common Grass Yellow,Pieridae,Eurema hecabe,Leguminosae (c),Moullava,India,HOSTS
Common Grass Yellow,Pieridae,Eurema hecabe,Leguminosae (m),Pithecellobium dulce,India,HOSTS
Common Grass Yellow,Pieridae,Eurema hecabe,Leguminosae (c),Senna obtusifolia,India,HOSTS
Common Grass Yellow,Pieridae,Eurema hecabe,Leguminosae (p),Sesbania,India,HOSTS
Common Grass Yellow,Pieridae,Eurema hecabe,Leguminosae (p),Sesbania,India,HOSTS
Common Grass Yellow,Pieridae,Eurema hecabe,Leguminosae (p),Sesbania bispinosa,India,HOSTS
Common Grass Yellow,Pieridae,Eurema hecabe,Leguminosae (p),Sesbania bispinosa,India,HOSTS
Common Grass Yellow,Pieridae,Eurema hecabe,Leguminosae (p),Sesbania bispinosa,India,HOSTS
Common Grass Yellow,Pieridae,Eurema hecabe,Leguminosae (p),Sesbania grandiflora,India,HOSTS
Common Grass Yellow,Pieridae,Eurema hecabe,Leguminosae (p),Sesbania grandiflora,India,HOSTS
Common Grass Yellow,Pieridae,Eurema hecabe,Leguminosae (p),Sesbania sesban,India,HOSTS
Common Grass Yellow,Pieridae,Eurema hecabe,Leguminosae (p),Sesbania sesban,India,HOSTS
Common Evening Brown,Nymphalidae,Melanitis leda,Gramineae,,India,HOSTS
Common Evening Brown,Nymphalidae,Melanitis leda,Gramineae,,India,HOSTS
Common Evening Brown,Nymphalidae,Melanitis leda,Gramineae,,India,HOSTS
Common Evening Brown,Nymphalidae,Melanitis leda,Gramineae,Andropogon sorghum,India,HOSTS
Common Evening Brown,Nymphalidae,Melanitis leda,Gramineae,Bambusa,India,HOSTS
Common Evening Brown,Nymphalidae,Melanitis leda,Gramineae,Digitaria,India,HOSTS
Common Evening Brown,Nymphalidae,Melanitis leda,Gramineae,Oryza,India,HOSTS
Common Evening Brown,Nymphalidae,Melanitis leda,Gramineae,Oryza sativa,India,HOSTS
Common Evening Brown,Nymphalidae,Melanitis leda,Gramineae,Panicum repens,India,HOSTS
Common Evening Brown,Nymphalidae,Melanitis leda,Gramineae,Pennisetum,India,HOSTS
Common Evening Brown,Nymphalidae,Melanitis leda,Gramineae,Pennisetum americanum,India,HOSTS
Common Evening Brown,Nymphalidae,Melanitis leda,Gramineae,Pennisetum americanum,India,HOSTS
Common Evening Brown,Nymphalidae,Melanitis leda,Gramineae,Pennisetum purpureum,India,HOSTS
Common Evening Brown,Nymphalidae,Melanitis leda,Gramineae,Saccharum officinarum,India,HOSTS
Common Evening Brown,Nymphalidae,Melanitis leda,Gramineae,Zea mays,India,HOSTS
Common Four Ring,Nymphalidae,Ypthima huebneri,Gramineae,,India,HOSTS
Common Four Ring,Nymphalidae,Ypthima huebneri,Gramineae,,India,HOSTS
Common Four Ring,Nymphalidae,Ypthima huebneri,Gramineae,,West Malaysia,HOSTS
Common Four Ring,Nymphalidae,Ypthima huebneri,Gramineae,Avena sativa,Southern Africa,HOSTS
Common Four Ring,Nymphalidae,Ypthima huebneri,Gramineae,Ehrharta erecta,Southern Africa,HOSTS
Striped Tiger,Nymphalidae,Danaus genutia,Asclepiadaceae,Asclepias curassavica,Hong Kong,HOSTS
Striped Tiger,Nymphalidae,Danaus genutia,Asclepiadaceae,Asclepias curassavica,Indo-Australian,HOSTS
Striped Tiger,Nymphalidae,Danaus genutia,Asclepiadaceae,Asclepias curassavica,Taiwan,HOSTS
Striped Tiger,Nymphalidae,Danaus genutia,Asclepiadaceae,Calotropis gigantea,Andaman Islands,HOSTS
Striped Tiger,Nymphalidae,Danaus genutia,Asclepiadaceae,Ceropegia intermedia,Indo-Australian,HOSTS
Striped Tiger,Nymphalidae,Danaus genutia,Asclepiadaceae,Cynanchum boudieri,Taiwan,HOSTS
Striped Tiger,Nymphalidae,Danaus genutia,Asclepiadaceae,Cynanchum boudieri,Taiwan,HOSTS
Striped Tiger,Nymphalidae,Danaus genutia,Asclepiadaceae,Cynanchum dalhousiae,Indo-Australian,HOSTS
Striped Tiger,Nymphalidae,Danaus genutia,Asclepiadaceae,Cynanchum formosanum,Taiwan,HOSTS
Striped Tiger,Nymphalidae,Danaus genutia,Asclepiadaceae,Cynanchum lanhsuense,Taiwan,HOSTS
Striped Tiger,Nymphalidae,Danaus genutia,Asclepiadaceae,Cynanchum liukiuense,Indo-Australian,HOSTS
Striped Tiger,Nymphalidae,Danaus genutia,Asclepiadaceae,Graphistemma pictum,Hong Kong,HOSTS
Striped Tiger,Nymphalidae,Danaus genutia,Asclepiadaceae,Graphistemma pictum,Indo-Australian,HOSTS
Striped Tiger,Nymphalidae,Danaus genutia,Asclepiadaceae,Gymnema,Indo-Australian,HOSTS
Striped Tiger,Nymphalidae,Danaus genutia,Asclepiadaceae,Marsdenia formosana,Taiwan,HOSTS
Striped Tiger,Nymphalidae,Danaus genutia,Asclepiadaceae,Marsdenia tinctoria,Indo-Australian,HOSTS
Striped Tiger,Nymphalidae,Danaus genutia,Asclepiadaceae,Marsdenia tomentosa,Indo-Australian,HOSTS
Striped Tiger,Nymphalidae,Danaus genutia,Asclepiadaceae,Oxystelma pulchellum,Indo-Australian,HOSTS
Striped Tiger,Nymphalidae,Danaus genutia,Asclepiadaceae,Oxystelma pulchellum,West Malaysia,HOSTS
Striped Tiger,Nymphalidae,Danaus genutia,Asclepiadaceae,Raphistemma lemma,Indo-Australian,HOSTS
Striped Tiger,Nymphalidae,Danaus genutia,Asclepiadaceae,Stephanotis floribunda,Indo-Australian,HOSTS
Striped Tiger,Nymphalidae,Danaus genutia,Asclepiadaceae,Telosma cordata,Indo-Australian,HOSTS
Striped Tiger,Nymphalidae,Danaus genutia,Asclepiadaceae,Tylophora cissoides,Indo-Australian,HOSTS
Striped Tiger,Nymphalidae,Danaus genutia,Asclepiadaceae,Vincetoxicum tanakae,Indo-Australian,HOSTS
One Spot Grass Yellow,Pieridae,Eurema andersoni,Leguminosae (c),Cassia garrettiana,Thailand,HOSTS
One Spot Grass Yellow,Pieridae,Eurema andersoni,Leguminosae (c),Cassia surattensis,Thailand,HOSTS
One Spot Grass Yellow,Pieridae,Eurema andersoni,Leguminosae (c),Senna bicapsularis,Thailand,HOSTS
One Spot Grass Yellow,Pieridae,Eurema andersoni,Rhamnaceae,Ventilago elegans,Taiwan,HOSTS
One Spot Grass Yellow,Pieridae,Eurema andersoni,Rhamnaceae,Ventilago leiocarpa,Taiwan,HOSTS
Common Bushbrown,Nymphalidae,Mycalesis perseus,Gramineae,,India,HOSTS
Common Bushbrown,Nymphalidae,Mycalesis perseus,Gramineae,Axonopus compressus,Philippines,HOSTS
Common Bushbrown,Nymphalidae,Mycalesis perseus,Gramineae,Digitaria ciliaris,Japan,HOSTS
Common Bushbrown,Nymphalidae,Mycalesis perseus,Gramineae,Imperata cylindrica,Indonesia,HOSTS
Common Bushbrown,Nymphalidae,Mycalesis perseus,Gramineae,Imperata cylindrica,Japan,HOSTS
Common Bushbrown,Nymphalidae,Mycalesis perseus,Gramineae,Imperata cylindrica,Java,HOSTS
Common Bushbrown,Nymphalidae,Mycalesis perseus,Gramineae,Oplismenus compositus,Philippines,HOSTS
Common Bushbrown,Nymphalidae,Mycalesis perseus,Gramineae,Oryza sativa,India,HOSTS
Painted Lady,Nymphalidae,Vanessa cardui,Malvaceae,Althaea,India,HOSTS
Painted Lady,Nymphalidae,Vanessa cardui,Boraginaceae,Anchusa,India,HOSTS
Painted Lady,Nymphalidae,Vanessa cardui,Compositae,Arctotis,India,HOSTS
Painted Lady,Nymphalidae,Vanessa cardui,Papaveraceae,Argemone mexicana,India,HOSTS
Painted Lady,Nymphalidae,Vanessa cardui,Leguminosae (p),Argyrolobium,India,HOSTS
Painted Lady,Nymphalidae,Vanessa cardui,Compositae,Artemisia,India,HOSTS
Painted Lady,Nymphalidae,Vanessa cardui,Compositae,Artemisia vulgaris,India,HOSTS
Painted Lady,Nymphalidae,Vanessa cardui,Compositae,Berkheya,India,HOSTS
Painted Lady,Nymphalidae,Vanessa cardui,Compositae,Blumea,India,HOSTS
Painted Lady,Nymphalidae,Vanessa cardui,Compositae,Blumea alata,India,HOSTS
Painted Lady,Nymphalidae,Vanessa cardui,Urticaceae,Boehmeria,India,HOSTS
Painted Lady,Nymphalidae,Vanessa cardui,Compositae,Carduus,India,HOSTS
Painted Lady,Nymphalidae,Vanessa cardui,Compositae,Chrysanthemum,India,HOSTS
Painted Lady,Nymphalidae,Vanessa cardui,Compositae,Cirsium,India,HOSTS
Painted Lady,Nymphalidae,Vanessa cardui,Compositae,Cirsium arvense,India,HOSTS
Painted Lady,Nymphalidae,Vanessa cardui,Compositae,Cynara scolymus,India,HOSTS
Painted Lady,Nymphalidae,Vanessa cardui,Boraginaceae,Cynoglossum,India,HOSTS
Painted Lady,Nymphalidae,Vanessa cardui,Urticaceae,Debregeasia bicolor,India,HOSTS
Painted Lady,Nymphalidae,Vanessa cardui,Leguminosae (p),Dolichos,India,HOSTS
Painted Lady,Nymphalidae,Vanessa cardui,Boraginaceae,Echium,India,HOSTS
Painted Lady,Nymphalidae,Vanessa cardui,Compositae,Filago,India,HOSTS
Painted Lady,Nymphalidae,Vanessa cardui,Urticaceae,Girardinia,India,HOSTS
Painted Lady,Nymphalidae,Vanessa cardui,Leguminosae (p),Glycine,India,HOSTS
Painted Lady,Nymphalidae,Vanessa cardui,Compositae,Helichrysum,India,HOSTS
Painted Lady,Nymphalidae,Vanessa cardui,Leguminosae (p),Lablab purpureus,India,HOSTS
Painted Lady,Nymphalidae,Vanessa cardui,Urticaceae,Laportea,India,HOSTS
Painted Lady,Nymphalidae,Vanessa cardui,Leguminosae (p),Lupinus,India,HOSTS
Painted Lady,Nymphalidae,Vanessa cardui,Compositae,Madia,India,HOSTS
Painted Lady,Nymphalidae,Vanessa cardui,Malvaceae,Malva,India,HOSTS
Painted Lady,Nymphalidae,Vanessa cardui,Compositae,Pentzia,India,HOSTS
Painted Lady,Nymphalidae,Vanessa cardui,Leguminosae (p),Phaseolus,India,HOSTS
Painted Lady,Nymphalidae,Vanessa cardui,Compositae,Senecio,India,HOSTS
Painted Lady,Nymphalidae,Vanessa cardui,Compositae,Sonchus,India,HOSTS
Painted Lady,Nymphalidae,Vanessa cardui,Urticaceae,Urtica,India,HOSTS
Painted Lady,Nymphalidae,Vanessa cardui,Leguminosae (p),Zornia diphylla,India,HOSTS
Chestnut Bob,Hesperiidae,Iambrix salsala,Gramineae,,India,HOSTS
Chestnut Bob,Hesperiidae,Iambrix salsala,Gramineae,,India,HOSTS
Chestnut Bob,Hesperiidae,Iambrix salsala,Gramineae,,West Malaysia,HOSTS
Chestnut Bob,Hesperiidae,Iambrix salsala,Gramineae,,West Malaysia,HOSTS
Dark Cerulean,Lycaenidae,Jamides bochus,Leguminosae (p),Butea monosperma,India,HOSTS
Dark Cerulean,Lycaenidae,Jamides bochus,Leguminosae (p),Butea monosperma,India,HOSTS
Dark Cerulean,Lycaenidae,Jamides bochus,Leguminosae (c),Caesalpinia,India,HOSTS
Dark Cerulean,Lycaenidae,Jamides bochus,Leguminosae (p),Crotalaria,India,HOSTS
Dark Cerulean,Lycaenidae,Jamides bochus,Leguminosae (p),Tephrosia candida,India,HOSTS
Dark Cerulean,Lycaenidae,Jamides bochus,Leguminosae (m),Xylia xylocarpa,India,HOSTS
Three Spot Grass Yellow,Pieridae,Eurema blanda,Leguminosae (c),Acrocarpus fraxinifolius,India,HOSTS
Three Spot Grass Yellow,Pieridae,Eurema blanda,Leguminosae (m),Albizia,India,HOSTS
Three Spot Grass Yellow,Pieridae,Eurema blanda,Leguminosae (m),Albizia chinensis,India,HOSTS
Three Spot Grass Yellow,Pieridae,Eurema blanda,Leguminosae (m),Albizia falcataria,India,HOSTS
Three Spot Grass Yellow,Pieridae,Eurema blanda,Leguminosae (m),Albizia lebbeck,India,HOSTS
Three Spot Grass Yellow,Pieridae,Eurema blanda,Leguminosae (c),Caesalpinia regia,India,HOSTS
Three Spot Grass Yellow,Pieridae,Eurema blanda,Theaceae,Camellia sinensis,India,HOSTS
Three Spot Grass Yellow,Pieridae,Eurema blanda,Leguminosae (c),Cassia,India,HOSTS
Three Spot Grass Yellow,Pieridae,Eurema blanda,Leguminosae (c),Cassia,India,HOSTS
Three Spot Grass Yellow,Pieridae,Eurema blanda,Leguminosae (c),Cassia,India,HOSTS
Three Spot Grass Yellow,Pieridae,Eurema blanda,Leguminosae (c),Cassia nodosa,India,HOSTS
Three Spot Grass Yellow,Pieridae,Eurema blanda,Leguminosae (c),Delonix regia,India,HOSTS
Three Spot Grass Yellow,Pieridae,Eurema blanda,Leguminosae (c),Delonix regia,India,HOSTS
Three Spot Grass Yellow,Pieridae,Eurema blanda,Leguminosae (p),Gliricidia sepium,India,HOSTS
Three Spot Grass Yellow,Pieridae,Eurema blanda,Leguminosae (c),Moullava spicata,India,HOSTS
Three Spot Grass Yellow,Pieridae,Eurema blanda,Leguminosae (c),Moullava spicata,India,HOSTS
Three Spot Grass Yellow,Pieridae,Eurema blanda,Leguminosae (c),Moullava spicata,India,HOSTS
Three Spot Grass Yellow,Pieridae,Eurema blanda,Leguminosae (p),Sesbania,India,HOSTS
Three Spot Grass Yellow,Pieridae,Eurema blanda,Leguminosae (p),Sesbania bispinosa,India,HOSTS
Three Spot Grass Yellow,Pieridae,Eurema blanda,Leguminosae (m),Xylia xylocarpa,India,HOSTS
Tailed Jay,Papilionidae,Graphium agamemnon,Magnoliaceae,,India,HOSTS
Tailed Jay,Papilionidae,Graphium agamemnon,Annonaceae,,India,HOSTS
Tailed Jay,Papilionidae,Graphium agamemnon,Magnoliaceae,,India,HOSTS
Tailed Jay,Papilionidae,Graphium agamemnon,Annonaceae,Annona reticulata,India,HOSTS
Tailed Jay,Papilionidae,Graphium agamemnon,Annonaceae,Annona squamosa,India,HOSTS
Tailed Jay,Papilionidae,Graphium agamemnon,Lauraceae,Cinnamomum,India,HOSTS
Tailed Jay,Papilionidae,Graphium agamemnon,Annonaceae,Desmos chinensis,India,HOSTS
Tailed Jay,Papilionidae,Graphium agamemnon,Annonaceae,Guatteria,India,HOSTS
Tailed Jay,Papilionidae,Graphium agamemnon,Magnoliaceae,Michelia,India,HOSTS
Tailed Jay,Papilionidae,Graphium agamemnon,Magnoliaceae,Michelia champaca,India,HOSTS
Tailed Jay,Papilionidae,Graphium agamemnon,Annonaceae,Miliusa,India,HOSTS
Tailed Jay,Papilionidae,Graphium agamemnon,Annonaceae,Miliusa tomentosa,India,HOSTS
Tailed Jay,Papilionidae,Graphium agamemnon,Annonaceae,Polyalthia,India,HOSTS
Tailed Jay,Papilionidae,Graphium agamemnon,Annonaceae,Uvaria microcarpa,India,HOSTS
Common Treebrown,Nymphalidae,Lethe rohria,Gramineae,,India,HOSTS
Common Treebrown,Nymphalidae,Lethe rohria,Gramineae,Apluda mutica,Hong Kong,HOSTS
Common Treebrown,Nymphalidae,Lethe rohria,Gramineae,Bambusa,Hong Kong,HOSTS
Common Treebrown,Nymphalidae,Lethe rohria,Gramineae,Brachiaria mutica,Taiwan,HOSTS
Common Treebrown,Nymphalidae,Lethe rohria,Gramineae,Capillipedium parviflorum,Hong Kong,HOSTS
Common Treebrown,Nymphalidae,Lethe rohria,Gramineae,Imperata cylindrica,Taiwan,HOSTS
Common Treebrown,Nymphalidae,Lethe rohria,Gramineae,Microstegium ciliatum,Hong Kong,HOSTS
Common Treebrown,Nymphalidae,Lethe rohria,Gramineae,Miscanthus flavidus,Taiwan,HOSTS
Common Treebrown,Nymphalidae,Lethe rohria,Gramineae,Miscanthus sinensis,Taiwan,HOSTS
Monkey Puzzle,Lycaenidae,Rathinda amor,Dipterocarpaceae,,Oriental,HOSTS
Monkey Puzzle,Lycaenidae,Rathinda amor,Euphorbiaceae,,Oriental,HOSTS
Monkey Puzzle,Lycaenidae,Rathinda amor,Loranthaceae,,Oriental,HOSTS
Monkey Puzzle,Lycaenidae,Rathinda amor,Myrtaceae,,Oriental,HOSTS
Monkey Puzzle,Lycaenidae,Rathinda amor,Rubiaceae,,Oriental,HOSTS
Monkey Puzzle,Lycaenidae,Rathinda amor,Sapindaceae,,Oriental,HOSTS
Monkey Puzzle,Lycaenidae,Rathinda amor,Styracaceae,,Oriental,HOSTS
Monkey Puzzle,Lycaenidae,Rathinda amor,Myrtaceae,Eugenia zeylanica,India,HOSTS
Monkey Puzzle,Lycaenidae,Rathinda amor,Dipterocarpaceae,Hopea,India,HOSTS
Monkey Puzzle,Lycaenidae,Rathinda amor,Dipterocarpaceae,Hopea,India,HOSTS
Monkey Puzzle,Lycaenidae,Rathinda amor,Rubiaceae,Ixora,India,HOSTS
Monkey Puzzle,Lycaenidae,Rathinda amor,Rubiaceae,Ixora coccinea,India,HOSTS
Monkey Puzzle,Lycaenidae,Rathinda amor,Sapindaceae,Litchi chinensis,India,HOSTS
Monkey Puzzle,Lycaenidae,Rathinda amor,Anacardiaceae,Mangifera indica,India,HOSTS
Small Branded Swift,Hesperiidae,Pelopidas mathias,Gramineae,,India,HOSTS
Small Branded Swift,Hesperiidae,Pelopidas mathias,Gramineae,,India,HOSTS
Small Branded Swift,Hesperiidae,Pelopidas mathias,Palmae,,India,HOSTS
Small Branded Swift,Hesperiidae,Pelopidas mathias,Gramineae,Andropogon sorghum,India,HOSTS
Small Branded Swift,Hesperiidae,Pelopidas mathias,Leguminosae (p),Crotalaria juncea,India,HOSTS
Small Branded Swift,Hesperiidae,Pelopidas mathias,Gramineae,Oryza,India,HOSTS
Small Branded Swift,Hesperiidae,Pelopidas mathias,Gramineae,Oryza sativa,India,HOSTS
Small Branded Swift,Hesperiidae,Pelopidas mathias,Gramineae,Oryza sativa,India,HOSTS
Small Branded Swift,Hesperiidae,Pelopidas mathias,Gramineae,Saccharum,India,HOSTS
Small Branded Swift,Hesperiidae,Pelopidas mathias,Gramineae,Sorghum bicolor,India,HOSTS
Blue Tiger,Nymphalidae,Tirumala limniace,Asclepiadaceae,,East Africa,HOSTS
Blue Tiger,Nymphalidae,Tirumala limniace,Asclepiadaceae,Asclepias,India,HOSTS
Blue Tiger,Nymphalidae,Tirumala limniace,Asclepiadaceae,Asclepias,Oriental,HOSTS
Blue Tiger,Nymphalidae,Tirumala limniace,Asclepiadaceae,Calotropis,India,HOSTS
Blue Tiger,Nymphalidae,Tirumala limniace,Asclepiadaceae,Calotropis,India,HOSTS
Blue Tiger,Nymphalidae,Tirumala limniace,Asclepiadaceae,Calotropis,Oriental,HOSTS
Blue Tiger,Nymphalidae,Tirumala limniace,Menispermaceae,Cocculus,Oriental,HOSTS
Blue Tiger,Nymphalidae,Tirumala limniace,Leguminosae (p),Crotalaria retusa ?,Oriental,HOSTS
Blue Tiger,Nymphalidae,Tirumala limniace,Asclepiadaceae,Dregea volubilis,Hong Kong,HOSTS
Blue Tiger,Nymphalidae,Tirumala limniace,Asclepiadaceae,Dregea volubilis,India,HOSTS
Blue Tiger,Nymphalidae,Tirumala limniace,Asclepiadaceae,Dregea volubilis,Oriental,HOSTS
Blue Tiger,Nymphalidae,Tirumala limniace,Asclepiadaceae,Dregea volubilis,Taiwan,HOSTS
Blue Tiger,Nymphalidae,Tirumala limniace,Asclepiadaceae,Heterostemma brownii,Taiwan,HOSTS
Blue Tiger,Nymphalidae,Tirumala limniace,Asclepiadaceae,Heterostemma cuspidatum,Oriental,HOSTS
Blue Tiger,Nymphalidae,Tirumala limniace,Apocynaceae,Holarrhena antidysenterica,India,HOSTS
Blue Tiger,Nymphalidae,Tirumala limniace,Asclepiadaceae,Hoya,East Africa,HOSTS
Blue Tiger,Nymphalidae,Tirumala limniace,Asclepiadaceae,Hoya,Oriental,HOSTS
Blue Tiger,Nymphalidae,Tirumala limniace,Asclepiadaceae,Hoya viridiflora,Oriental,HOSTS
Blue Tiger,Nymphalidae,Tirumala limniace,Asclepiadaceae,Marsdenia tenacissima,Oriental,HOSTS
Blue Tiger,Nymphalidae,Tirumala limniace,Asclepiadaceae,Pergularia,East Africa,HOSTS
Blue Tiger,Nymphalidae,Tirumala limniace,Gramineae,Saccharum,India,HOSTS
Blue Tiger,Nymphalidae,Tirumala limniace,Gramineae,Saccharum officinarum,India,HOSTS
Grass Demon,Hesperiidae,Udaspes folus,Zingiberaceae,,India,HOSTS
Grass Demon,Hesperiidae,Udaspes folus,Liliaceae,,India,HOSTS
Grass Demon,Hesperiidae,Udaspes folus,Zingiberaceae,Alpinia formosana,Taiwan,HOSTS
Grass Demon,Hesperiidae,Udaspes folus,Zingiberaceae,Alpinia intermedia,Taiwan,HOSTS
Grass Demon,Hesperiidae,Udaspes folus,Zingiberaceae,Alpinia zerumbet,Taiwan,HOSTS
Grass Demon,Hesperiidae,Udaspes folus,Zingiberaceae,Curcuma,Thailand,HOSTS
Grass Demon,Hesperiidae,Udaspes folus,Zingiberaceae,Curcuma,West Malaysia,HOSTS
Grass Demon,Hesperiidae,Udaspes folus,Zingiberaceae,Curcuma aromatica,Oriental,HOSTS
Grass Demon,Hesperiidae,Udaspes folus,Zingiberaceae,Curcuma decipiens,India,HOSTS
Grass Demon,Hesperiidae,Udaspes folus,Zingiberaceae,Curcuma longa,India,HOSTS
Grass Demon,Hesperiidae,Udaspes folus,Zingiberaceae,Curcuma longa,India,HOSTS
Grass Demon,Hesperiidae,Udaspes folus,Zingiberaceae,Curcuma longa,Oriental,HOSTS
Grass Demon,Hesperiidae,Udaspes folus,Zingiberaceae,Curcuma longa,West Malaysia,HOSTS
Grass Demon,Hesperiidae,Udaspes folus,Zingiberaceae,Etlingera imperialis,West Malaysia,HOSTS
Grass Demon,Hesperiidae,Udaspes folus,Loganiaceae,Fagraea racemosa,India,HOSTS
Grass Demon,Hesperiidae,Udaspes folus,Loganiaceae,Fagraea racemosa,West Malaysia,HOSTS
Grass Demon,Hesperiidae,Udaspes folus,Zingiberaceae,Hedychium coronarium,Hong Kong,HOSTS
Grass Demon,Hesperiidae,Udaspes folus,Gramineae,Oryza,India,HOSTS
Grass Demon,Hesperiidae,Udaspes folus,Zingiberaceae,Zingiber,West Malaysia,HOSTS
Grass Demon,Hesperiidae,Udaspes folus,Zingiberaceae,Zingiber officinale,Hong Kong,HOSTS
Grass Demon,Hesperiidae,Udaspes folus,Zingiberaceae,Zingiber officinale,India,HOSTS
Grass Demon,Hesperiidae,Udaspes folus,Zingiberaceae,Zingiber officinale,India,HOSTS
Grass Demon,Hesperiidae,Udaspes folus,Zingiberaceae,Zingiber officinale,India,HOSTS
Grass Demon,Hesperiidae,Udaspes folus,Zingiberaceae,Zingiber officinale,Oriental,HOSTS
Grass Demon,Hesperiidae,Udaspes folus,Zingiberaceae,Zingiber officinale,West Malaysia,HOSTS
Common Jessabelle,Pieridae,Delias eucharis,Loaranthaceae,,,IFB
Common Jessabelle,Pieridae,Delias eucharis,Santalaceae,,,IFB
Common Jessabelle,Pieridae,Delias eucharis,Malvaceae,,,IFB
Common Wanderer,Pieridae,Pareronia ceylanica,Capparaceae,Capparis,Andaman Islands,HOSTS
Common Wanderer,Pieridae,Pareronia ceylanica,Capparaceae,Capparis heydeana,India,HOSTS
Common Cerulean,Lycaenidae,Jamides celeno,Leguminosae,,Oriental,HOSTS
Common Cerulean,Lycaenidae,Jamides celeno,Meliaceae,,Oriental,HOSTS
Common Cerulean,Lycaenidae,Jamides celeno,Leguminosae,,West Malaysia,HOSTS
Common Cerulean,Lycaenidae,Jamides celeno,Leguminosae (p),Abrus precatorius,Andaman Islands,HOSTS
Common Cerulean,Lycaenidae,Jamides celeno,Leguminosae (p),Abrus precatorius,India,HOSTS
Common Cerulean,Lycaenidae,Jamides celeno,Leguminosae (p),Butea monosperma,India,HOSTS
Common Cerulean,Lycaenidae,Jamides celeno,Leguminosae (p),Butea monosperma,India,HOSTS
Common Cerulean,Lycaenidae,Jamides celeno,Leguminosae (p),Dolichos rhombifolius,Taiwan,HOSTS
Common Cerulean,Lycaenidae,Jamides celeno,Marantaceae,Donax canniformis,Andaman Islands,HOSTS
Common Cerulean,Lycaenidae,Jamides celeno,Zingiberaceae,Elettaria cardamomum,India,HOSTS
Common Cerulean,Lycaenidae,Jamides celeno,Meliaceae,Melia,Hong Kong,HOSTS
Common Cerulean,Lycaenidae,Jamides celeno,Leguminosae (p),Mucuna pruriens,Andaman Islands,HOSTS
Common Cerulean,Lycaenidae,Jamides celeno,Leguminosae (p),Pongamia pinnata,India,HOSTS
Common Cerulean,Lycaenidae,Jamides celeno,Leguminosae (p),Pueraria phaseoloides,Andaman Islands,HOSTS
Common Cerulean,Lycaenidae,Jamides celeno,Leguminosae (p),Pueraria phaseoloides,West Malaysia,HOSTS
Common Cerulean,Lycaenidae,Jamides celeno,Leguminosae (c),Saraca thaipingensis,West Malaysia,HOSTS
Common Cerulean,Lycaenidae,Jamides celeno,Sterculiaceae,Theobroma cacao,Indo-Australian,HOSTS
Common Cerulean,Lycaenidae,Jamides celeno,Meliaceae,Trichilia hirta,India,HOSTS
Common Cerulean,Lycaenidae,Jamides celeno,Meliaceae,Trichilia hirta,West Malaysia,HOSTS
Common Cerulean,Lycaenidae,Jamides celeno,Meliaceae,Trichilia trijuga,India,HOSTS
Common Cerulean,Lycaenidae,Jamides celeno,Leguminosae (p),Vigna luteola,Taiwan,HOSTS
Tawny Coaster,Nymphalidae,Acraea terpsicore,Passifloraceae,Adenia,Afrotropical,HOSTS
Tawny Coaster,Nymphalidae,Acraea terpsicore,Tiliaceae,Corchorus,Afrotropical,HOSTS
Tawny Coaster,Nymphalidae,Acraea terpsicore,Malvaceae,Hibiscus,Afrotropical,HOSTS
Tawny Coaster,Nymphalidae,Acraea terpsicore,Convolvulaceae,Ipomoea batatas,Afrotropical,HOSTS
Tawny Coaster,Nymphalidae,Acraea terpsicore,Passifloraceae,Passiflora,Afrotropical,HOSTS
Tiny Grass Blue,Lycaenidae,Zizula hylax,Verbenaceae,,Afrotropical,HOSTS
Tiny Grass Blue,Lycaenidae,Zizula hylax,Zygophyllaceae,,Afrotropical,HOSTS
Tiny Grass Blue,Lycaenidae,Zizula hylax,Acanthaceae,,Afrotropical,HOSTS
Tiny Grass Blue,Lycaenidae,Zizula hylax,Leguminosae,,India,HOSTS
Tiny Grass Blue,Lycaenidae,Zizula hylax,Gramineae,,India,HOSTS
Tiny Grass Blue,Lycaenidae,Zizula hylax,Leguminosae,,Oriental,HOSTS
Tiny Grass Blue,Lycaenidae,Zizula hylax,Oxalidaceae,,Palaearctic,HOSTS
Tiny Grass Blue,Lycaenidae,Zizula hylax,Acanthaceae,Blechum pyramidatum,Taiwan,HOSTS
Tiny Grass Blue,Lycaenidae,Zizula hylax,Acanthaceae,Chaetacanthus,Afrotropical,HOSTS
Tiny Grass Blue,Lycaenidae,Zizula hylax,Acanthaceae,Dicliptera chinensis,Taiwan,HOSTS
Tiny Grass Blue,Lycaenidae,Zizula hylax,Acanthaceae,Dyschoriste,Afrotropical,HOSTS
Tiny Grass Blue,Lycaenidae,Zizula hylax,Acanthaceae,Dyschoriste repens,Taiwan,HOSTS
Tiny Grass Blue,Lycaenidae,Zizula hylax,Acanthaceae,Justicia,Afrotropical,HOSTS
Tiny Grass Blue,Lycaenidae,Zizula hylax,Verbenaceae,Lantana,Afrotropical,HOSTS
Tiny Grass Blue,Lycaenidae,Zizula hylax,Verbenaceae,Lantana,India,HOSTS
Tiny Grass Blue,Lycaenidae,Zizula hylax,Verbenaceae,Lantana camara,Taiwan,HOSTS
Tiny Grass Blue,Lycaenidae,Zizula hylax,Leguminosae (m),Mimosa pudica,West Malaysia,HOSTS
Tiny Grass Blue,Lycaenidae,Zizula hylax,Oxalidaceae,Oxalis,Afrotropical,HOSTS
Tiny Grass Blue,Lycaenidae,Zizula hylax,Oxalidaceae,Oxalis,East Africa,HOSTS
Tiny Grass Blue,Lycaenidae,Zizula hylax,Oxalidaceae,Oxalis corniculata,East Africa,HOSTS
Tiny Grass Blue,Lycaenidae,Zizula hylax,Oxalidaceae,Oxalis corniculata,Southern Africa,HOSTS
Tiny Grass Blue,Lycaenidae,Zizula hylax,Acanthaceae,Phaulopsis,Afrotropical,HOSTS
Tiny Grass Blue,Lycaenidae,Zizula hylax,Acanthaceae,Ruellia,Afrotropical,HOSTS
Tiny Grass Blue,Lycaenidae,Zizula hylax,Zygophyllaceae,Tribulus,Afrotropical,HOSTS
Common Leopard,Nymphalidae,Phalanta phalantha,Celastraceae,,India,HOSTS
Common Leopard,Nymphalidae,Phalanta phalantha,Flacourtiaceae,,India,HOSTS
Common Leopard,Nymphalidae,Phalanta phalantha,Salicaceae,,India,HOSTS
Common Leopard,Nymphalidae,Phalanta phalantha,Primulaceae,Androsace,India,HOSTS
Common Leopard,Nymphalidae,Phalanta phalantha,Acanthaceae,Barleria prionitis,India,HOSTS
Common Leopard,Nymphalidae,Phalanta phalantha,Flacourtiaceae,Dovyalis,India,HOSTS
Common Leopard,Nymphalidae,Phalanta phalantha,Flacourtiaceae,Flacourtia,India,HOSTS
Common Leopard,Nymphalidae,Phalanta phalantha,Flacourtiaceae,Flacourtia indica,India,HOSTS
Common Leopard,Nymphalidae,Phalanta phalantha,Flacourtiaceae,Flacourtia montana,India,HOSTS
Common Leopard,Nymphalidae,Phalanta phalantha,Flacourtiaceae,Flacourtia ramontchii,India,HOSTS
Common Leopard,Nymphalidae,Phalanta phalantha,Celastraceae,Maytenus,India,HOSTS
Common Leopard,Nymphalidae,Phalanta phalantha,Celastraceae,Maytenus buchanii,India,HOSTS
Common Leopard,Nymphalidae,Phalanta phalantha,Salicaceae,Populus,India,HOSTS
Common Leopard,Nymphalidae,Phalanta phalantha,Salicaceae,Populus deltoides,India,HOSTS
Common Leopard,Nymphalidae,Phalanta phalantha,Salicaceae,Salix,India,HOSTS
Common Leopard,Nymphalidae,Phalanta phalantha,Salicaceae,Salix tetrasperma,India,HOSTS
Common Leopard,Nymphalidae,Phalanta phalantha,Smilacaceae,Smilax,India,HOSTS
Blue Bottle,Papilionidae,Graphium teredon,Lauraceae,Alseodaphne,,IFB
Blue Bottle,Papilionidae,Graphium teredon,Lauraceae,Alseodaphne owdenii,,IFB
Blue Bottle,Papilionidae,Graphium teredon,Lauraceae,Alseodaphne semecarpifolia,,IFB
Blue Bottle,Papilionidae,Graphium teredon,Lauraceae,Camphora officinalis,,IFB
Blue Bottle,Papilionidae,Graphium teredon,Lauraceae,Cinnamomum,,IFB
Blue Bottle,Papilionidae,Graphium teredon,Lauraceae,Cinnamomum camphora,,IFB
Blue Bottle,Papilionidae,Graphium teredon,Lauraceae,Cinnamomum macrocarpum,,IFB
Blue Bottle,Papilionidae,Graphium teredon,Lauraceae,Cinnamomum malabatrum,,IFB
Blue Bottle,Papilionidae,Graphium teredon,Lauraceae,Cinnamomum micranthum,,IFB
Blue Bottle,Papilionidae,Graphium teredon,Lauraceae,Cinnamomum tamala,,IFB
Blue Bottle,Papilionidae,Graphium teredon,Lauraceae,Cinnamomum verum,,IFB
Blue Bottle,Papilionidae,Graphium teredon,Lauraceae,Litsea glutinosa,,IFB
Blue Bottle,Papilionidae,Graphium teredon,Lauraceae,Miliusa tomentosa,,IFB
Blue Bottle,Papilionidae,Graphium teredon,Lauraceae,Persea macrantha,,IFB
Blue Bottle,Papilionidae,Graphium teredon,Lauraceae,Persea odoratissima,,IFB
Blue Bottle,Papilionidae,Graphium teredon,Magnoliaceae,Magnolia doltsopa,,IFB
Blue Bottle,Papilionidae,Graphium teredon,Rutaceae,Geijera salicifolia,,IFB
Peacock Pansy,Nymphalidae,Junonia almana,Acanthaceae,Acanthus,India,HOSTS
Peacock Pansy,Nymphalidae,Junonia almana,Acanthaceae,Barleria,India,HOSTS
Peacock Pansy,Nymphalidae,Junonia almana,Gesneriaceae,Gloxinia,India,HOSTS
Peacock Pansy,Nymphalidae,Junonia almana,Acanthaceae,Hygrophila costata,India,HOSTS
Peacock Pansy,Nymphalidae,Junonia almana,Scrophulariaceae,Mimulus gracilis,India,HOSTS
Peacock Pansy,Nymphalidae,Junonia almana,Gramineae,Oryza sativa,India,HOSTS
Peacock Pansy,Nymphalidae,Junonia almana,Melastomataceae,Osbeckia,India,HOSTS
Peacock Pansy,Nymphalidae,Junonia almana,Gramineae,Pennisetum,India,HOSTS
Peacock Pansy,Nymphalidae,Junonia almana,Gramineae,Pennisetum americanum,India,HOSTS
Blue Pansy,Nymphalidae,Junonia orithya,Acanthaceae,,India,HOSTS
Blue Pansy,Nymphalidae,Junonia orithya,Acanthaceae,Acanthus,India,HOSTS
Blue Pansy,Nymphalidae,Junonia orithya,Convolvulaceae,Ipomoea batatas,India,HOSTS
Blue Pansy,Nymphalidae,Junonia orithya,Acanthaceae,Justicia,India,HOSTS
Blue Pansy,Nymphalidae,Junonia orithya,Acanthaceae,Justicia micrantha,India,HOSTS
Blue Pansy,Nymphalidae,Junonia orithya,Acanthaceae,Lepidagathis prostrata,India,HOSTS
Blue Pansy,Nymphalidae,Junonia orithya,Labiatae,Plectranthus scandens ?,India,HOSTS
Common Lascar,Nymphalidae,Pantoporia hordonia,Leguminosae (m),Acacia,Andaman Islands,HOSTS
Common Lascar,Nymphalidae,Pantoporia hordonia,Leguminosae (m),Acacia,Hong Kong,HOSTS
Common Lascar,Nymphalidae,Pantoporia hordonia,Leguminosae (m),Acacia,India,HOSTS
Common Lascar,Nymphalidae,Pantoporia hordonia,Leguminosae (m),Acacia,Sri Lanka,HOSTS
Common Lascar,Nymphalidae,Pantoporia hordonia,Leguminosae (m),Acacia,West Malaysia,HOSTS
Common Lascar,Nymphalidae,Pantoporia hordonia,Leguminosae (m),Acacia caesia,Oriental,HOSTS
Common Lascar,Nymphalidae,Pantoporia hordonia,Leguminosae (m),Acacia caesia,Taiwan,HOSTS
Common Lascar,Nymphalidae,Pantoporia hordonia,Leguminosae (m),Albizia,India,HOSTS
Common Lascar,Nymphalidae,Pantoporia hordonia,Leguminosae (m),Albizia,West Malaysia,HOSTS
Common Lascar,Nymphalidae,Pantoporia hordonia,Leguminosae (m),Albizia corniculata,Hong Kong,HOSTS
Common Lascar,Nymphalidae,Pantoporia hordonia,Leguminosae (m),Albizia corniculata,Hong Kong,HOSTS
Common Lascar,Nymphalidae,Pantoporia hordonia,Leguminosae (m),Albizia falcataria,Hong Kong,HOSTS
Common Lascar,Nymphalidae,Pantoporia hordonia,Leguminosae (c),Delonix regia,Hong Kong,HOSTS
Common Lascar,Nymphalidae,Pantoporia hordonia,Leguminosae (m),Parkia speciosa,West Malaysia,HOSTS
Common Lascar,Nymphalidae,Pantoporia hordonia,Leguminosae (m),Pithecellobium clypearia,Hong Kong,HOSTS
Common Lascar,Nymphalidae,Pantoporia hordonia,Leguminosae (m),Pithecellobium clypearia,Hong Kong,HOSTS
Common Lascar,Nymphalidae,Pantoporia hordonia,Leguminosae (m),Pithecellobium clypearia,Hong Kong,HOSTS
Spotless Grass Yellow,Pieridae,Eurema laeta,Fabaceae,Cassia fistula,,IFB
Spotless Grass Yellow,Pieridae,Eurema laeta,Fabaceae,Chamaecrista pumila,,IFB
Small Grass Jewel,Lycaenidae,Freyeria putli,Boraginaceae,Heliotropium strigosum,India,HOSTS
Small Grass Jewel,Lycaenidae,Freyeria putli,Leguminosae (p),Indigofera,India,HOSTS
Small Grass Jewel,Lycaenidae,Freyeria putli,Leguminosae (p),Pisum sativum,India,HOSTS
Small Grass Jewel,Lycaenidae,Freyeria putli,Leguminosae (p),Rhynchosia minima,India,HOSTS
Small Grass Jewel,Lycaenidae,Freyeria putli,Leguminosae (p),Zornia diphylla,India,HOSTS
Forget-me-not,Lycaenidae,Catochrysops strabo,Leguminosae (p),,Hong Kong,HOSTS
Forget-me-not,Lycaenidae,Catochrysops strabo,Leguminosae,,Oriental,HOSTS
Forget-me-not,Lycaenidae,Catochrysops strabo,Sapindaceae,,Oriental,HOSTS
Forget-me-not,Lycaenidae,Catochrysops strabo,Leguminosae (m),Acacia,India,HOSTS
Forget-me-not,Lycaenidae,Catochrysops strabo,Leguminosae (p),Butea monosperma,India,HOSTS
Forget-me-not,Lycaenidae,Catochrysops strabo,Leguminosae (p),Butea monosperma,Oriental,HOSTS
Forget-me-not,Lycaenidae,Catochrysops strabo,Leguminosae (p),Butea monosperma,Thailand,HOSTS
Forget-me-not,Lycaenidae,Catochrysops strabo,Leguminosae (p),Cajanus cajan,India,HOSTS
Forget-me-not,Lycaenidae,Catochrysops strabo,Leguminosae (p),Cajanus cajan,Indo-Australian,HOSTS
Forget-me-not,Lycaenidae,Catochrysops strabo,Leguminosae (p),Cajanus cajan,Thailand,HOSTS
Forget-me-not,Lycaenidae,Catochrysops strabo,Leguminosae (p),Cajanus cajan,West Malaysia,HOSTS
Forget-me-not,Lycaenidae,Catochrysops strabo,Leguminosae (p),Desmodium dalbergioides,Oriental,HOSTS
Forget-me-not,Lycaenidae,Catochrysops strabo,Leguminosae (p),Desmodium heterocarpon,Hong Kong,HOSTS
Forget-me-not,Lycaenidae,Catochrysops strabo,Leguminosae (p),Desmodium heterocarpon,Hong Kong,HOSTS
Forget-me-not,Lycaenidae,Catochrysops strabo,Leguminosae (p),Dolichos,West Malaysia,HOSTS
Forget-me-not,Lycaenidae,Catochrysops strabo,Leguminosae (p),Dunbaria villosa,Hong Kong,HOSTS
Forget-me-not,Lycaenidae,Catochrysops strabo,Leguminosae (p),Dunbaria villosa,Hong Kong,HOSTS
Forget-me-not,Lycaenidae,Catochrysops strabo,Leguminosae (p),Phaseolus,West Malaysia,HOSTS
Forget-me-not,Lycaenidae,Catochrysops strabo,Sapindaceae,Schleichera oleosa,Oriental,HOSTS
Forget-me-not,Lycaenidae,Catochrysops strabo,Leguminosae (p),Vigna unguiculata,India,HOSTS
Danaid Eggfly,Nymphalidae,Hypolimnas misippus,Portulacaceae,,Hong Kong,HOSTS
Danaid Eggfly,Nymphalidae,Hypolimnas misippus,Malvaceae,Abelmoschus,Afrotropical,HOSTS
Danaid Eggfly,Nymphalidae,Hypolimnas misippus,Malvaceae,Abelmoschus,Old World,HOSTS
Danaid Eggfly,Nymphalidae,Hypolimnas misippus,Malvaceae,Abelmoschus,Old World tropics,HOSTS
Danaid Eggfly,Nymphalidae,Hypolimnas misippus,Malvaceae,Abelmoschus moschatus,Hong Kong,HOSTS
Danaid Eggfly,Nymphalidae,Hypolimnas misippus,Malvaceae,Abutilon,Afrotropical,HOSTS
Danaid Eggfly,Nymphalidae,Hypolimnas misippus,Malvaceae,Abutilon,Old World,HOSTS
Danaid Eggfly,Nymphalidae,Hypolimnas misippus,Malvaceae,Abutilon,Old World tropics,HOSTS
Danaid Eggfly,Nymphalidae,Hypolimnas misippus,Amaranthaceae,Amaranthus,Afrotropical,HOSTS
Danaid Eggfly,Nymphalidae,Hypolimnas misippus,Amaranthaceae,Amaranthus,Old World tropics,HOSTS
Danaid Eggfly,Nymphalidae,Hypolimnas misippus,Amaranthaceae,Amaranthus caudatus,Old World,HOSTS
Danaid Eggfly,Nymphalidae,Hypolimnas misippus,Acanthaceae,Asystasia,Afrotropical,HOSTS
Danaid Eggfly,Nymphalidae,Hypolimnas misippus,Acanthaceae,Asystasia,East Africa,HOSTS
Danaid Eggfly,Nymphalidae,Hypolimnas misippus,Acanthaceae,Asystasia,Old World,HOSTS
Danaid Eggfly,Nymphalidae,Hypolimnas misippus,Acanthaceae,Asystasia,Old World tropics,HOSTS
Danaid Eggfly,Nymphalidae,Hypolimnas misippus,Acanthaceae,Asystasia gangetica,Australia,HOSTS
Danaid Eggfly,Nymphalidae,Hypolimnas misippus,Acanthaceae,Asystasia gangetica,Old World,HOSTS
Danaid Eggfly,Nymphalidae,Hypolimnas misippus,Acanthaceae,Asystasia gangetica,Southern Africa,HOSTS
Danaid Eggfly,Nymphalidae,Hypolimnas misippus,Acanthaceae,Blepharis,Afrotropical,HOSTS
Danaid Eggfly,Nymphalidae,Hypolimnas misippus,Acanthaceae,Blepharis,Old World tropics,HOSTS
Danaid Eggfly,Nymphalidae,Hypolimnas misippus,Acanthaceae,Blepharis boerhaviaefolia,Old World,HOSTS
Danaid Eggfly,Nymphalidae,Hypolimnas misippus,Acanthaceae,Blepharis boerhaviaefolia,Old World tropics,HOSTS
Danaid Eggfly,Nymphalidae,Hypolimnas misippus,Acanthaceae,Dyschoriste thunbergiiflora,East Africa,HOSTS
Danaid Eggfly,Nymphalidae,Hypolimnas misippus,Palmae,Elaeis,Afrotropical,HOSTS
Danaid Eggfly,Nymphalidae,Hypolimnas misippus,Palmae,Elaeis,Old World tropics,HOSTS
Danaid Eggfly,Nymphalidae,Hypolimnas misippus,Palmae,Elaeis guineensis,Old World,HOSTS
Danaid Eggfly,Nymphalidae,Hypolimnas misippus,Urticaceae,Elatostema cuneatum,Hong Kong,HOSTS
Danaid Eggfly,Nymphalidae,Hypolimnas misippus,Moraceae,Ficus,Afrotropical,HOSTS
Danaid Eggfly,Nymphalidae,Hypolimnas misippus,Moraceae,Ficus,Old World,HOSTS
Danaid Eggfly,Nymphalidae,Hypolimnas misippus,Moraceae,Ficus,Old World tropics,HOSTS
Danaid Eggfly,Nymphalidae,Hypolimnas misippus,Malvaceae,Gossypium,Malawi,HOSTS
Danaid Eggfly,Nymphalidae,Hypolimnas misippus,Malvaceae,Gossypium,Old World tropics,HOSTS
Danaid Eggfly,Nymphalidae,Hypolimnas misippus,Malvaceae,Hibiscus,Afrotropical,HOSTS
Danaid Eggfly,Nymphalidae,Hypolimnas misippus,Malvaceae,Hibiscus,Old World,HOSTS
Danaid Eggfly,Nymphalidae,Hypolimnas misippus,Malvaceae,Hibiscus,Old World tropics,HOSTS
Danaid Eggfly,Nymphalidae,Hypolimnas misippus,Convolvulaceae,Ipomoea,Afrotropical,HOSTS
Danaid Eggfly,Nymphalidae,Hypolimnas misippus,Convolvulaceae,Ipomoea,Old World,HOSTS
Danaid Eggfly,Nymphalidae,Hypolimnas misippus,Convolvulaceae,Ipomoea,Old World tropics,HOSTS
Danaid Eggfly,Nymphalidae,Hypolimnas misippus,Convolvulaceae,Ipomoea,Puerto Rico,HOSTS
Danaid Eggfly,Nymphalidae,Hypolimnas misippus,Acanthaceae,Justicia,Afrotropical,HOSTS
Danaid Eggfly,Nymphalidae,Hypolimnas misippus,Acanthaceae,Justicia,East Africa,HOSTS
Danaid Eggfly,Nymphalidae,Hypolimnas misippus,Acanthaceae,Justicia,Old World,HOSTS
Danaid Eggfly,Nymphalidae,Hypolimnas misippus,Acanthaceae,Justicia,Old World tropics,HOSTS
Danaid Eggfly,Nymphalidae,Hypolimnas misippus,Plantaginaceae,Plantago asiatica,Taiwan,HOSTS
Danaid Eggfly,Nymphalidae,Hypolimnas misippus,Plantaginaceae,Plantago major,Taiwan,HOSTS
Danaid Eggfly,Nymphalidae,Hypolimnas misippus,Portulacaceae,Portulaca,Afrotropical,HOSTS
Danaid Eggfly,Nymphalidae,Hypolimnas misippus,Portulacaceae,Portulaca,East Africa,HOSTS
Danaid Eggfly,Nymphalidae,Hypolimnas misippus,Portulacaceae,Portulaca,Old World tropics,HOSTS
Danaid Eggfly,Nymphalidae,Hypolimnas misippus,Portulacaceae,Portulaca,Southern Africa,HOSTS
Danaid Eggfly,Nymphalidae,Hypolimnas misippus,Portulacaceae,Portulaca foliosa,Old World,HOSTS
Danaid Eggfly,Nymphalidae,Hypolimnas misippus,Portulacaceae,Portulaca foliosa,Southern Africa,HOSTS
Danaid Eggfly,Nymphalidae,Hypolimnas misippus,Portulacaceae,Portulaca grandiflora,Brazil,HOSTS
Danaid Eggfly,Nymphalidae,Hypolimnas misippus,Portulacaceae,Portulaca grandiflora,West Africa,HOSTS
Danaid Eggfly,Nymphalidae,Hypolimnas misippus,Portulacaceae,Portulaca oleracea,Brazil,HOSTS
Danaid Eggfly,Nymphalidae,Hypolimnas misippus,Portulacaceae,Portulaca oleracea,East Africa,HOSTS
Danaid Eggfly,Nymphalidae,Hypolimnas misippus,Portulacaceae,Portulaca oleracea,Old World,HOSTS
Danaid Eggfly,Nymphalidae,Hypolimnas misippus,Portulacaceae,Portulaca oleracea,Puerto Rico,HOSTS
Danaid Eggfly,Nymphalidae,Hypolimnas misippus,Portulacaceae,Portulaca oleracea,Taiwan,HOSTS
Danaid Eggfly,Nymphalidae,Hypolimnas misippus,Portulacaceae,Portulaca oleracea,West Malaysia,HOSTS
Danaid Eggfly,Nymphalidae,Hypolimnas misippus,Portulacaceae,Portulaca quadrifida,East Africa,HOSTS
Lesser Grass Blue,Lycaenidae,Zizina otis,Leguminosae,,Australasia,HOSTS
Lesser Grass Blue,Lycaenidae,Zizina otis,Leguminosae,,Oriental,HOSTS
Lesser Grass Blue,Lycaenidae,Zizina otis,Zygophyllaceae,,Oriental,HOSTS
Lesser Grass Blue,Lycaenidae,Zizina otis,Leguminosae (p),Alysicarpus vaginalis,India,HOSTS
Lesser Grass Blue,Lycaenidae,Zizina otis,Leguminosae (p),Alysicarpus vaginalis,West Malaysia,HOSTS
Lesser Grass Blue,Lycaenidae,Zizina otis,Leguminosae (p),Desmodium scorpiurus,Taiwan,HOSTS
Lesser Grass Blue,Lycaenidae,Zizina otis,Leguminosae (p),Desmodium triflorum,Taiwan,HOSTS
Lesser Grass Blue,Lycaenidae,Zizina otis,Leguminosae (p),Desmodium umbellatum,Fiji,HOSTS
Lesser Grass Blue,Lycaenidae,Zizina otis,Leguminosae (p),Glycine max,Oriental,HOSTS
Lesser Grass Blue,Lycaenidae,Zizina otis,Leguminosae (p),Indigofera spicata,Oriental,HOSTS
Lesser Grass Blue,Lycaenidae,Zizina otis,Leguminosae (p),Indigofera tinctoria,Fiji,HOSTS
Lesser Grass Blue,Lycaenidae,Zizina otis,Leguminosae (p),Indigofera zollingeriana,Taiwan,HOSTS
Lesser Grass Blue,Lycaenidae,Zizina otis,Leguminosae (p),Lotus corniculatus,Japan,HOSTS
Lesser Grass Blue,Lycaenidae,Zizina otis,Leguminosae (p),Lotus pedunculatus,Oriental,HOSTS
Lesser Grass Blue,Lycaenidae,Zizina otis,Leguminosae (p),Medicago sativa,Oriental,HOSTS
Lesser Grass Blue,Lycaenidae,Zizina otis,Leguminosae (m),Mimosa pudica,Hong Kong,HOSTS
Lesser Grass Blue,Lycaenidae,Zizina otis,Leguminosae (m),Mimosa pudica,West Malaysia,HOSTS
Lesser Grass Blue,Lycaenidae,Zizina otis,Leguminosae (p),Phaseolus vulgaris,Fiji,HOSTS
Lesser Grass Blue,Lycaenidae,Zizina otis,Zygophyllaceae,Tribulus terrestris,India,HOSTS
Lesser Grass Blue,Lycaenidae,Zizina otis,Leguminosae (p),Trifolium repens,Oriental,HOSTS
Lesser Grass Blue,Lycaenidae,Zizina otis,Leguminosae (p),Vigna adenantha,Fiji,HOSTS
Lesser Grass Blue,Lycaenidae,Zizina otis,Leguminosae (p),Vigna radiata,Andaman & Nicobar Is,HOSTS
Lesser Grass Blue,Lycaenidae,Zizina otis,Leguminosae (p),Vigna unguiculata,Fiji,HOSTS
Lesser Grass Blue,Lycaenidae,Zizina otis,Leguminosae (p),Vigna unguiculata,West Malaysia,HOSTS
Lesser Grass Blue,Lycaenidae,Zizina otis,Leguminosae (p),Zornia diphylla,Hong Kong,HOSTS
Dark Evening Brown,Nymphalidae,Melanitis phedima,Gramineae,Bambusa,Hong Kong,HOSTS
Dark Evening Brown,Nymphalidae,Melanitis phedima,Gramineae,Brachiaria mutica,Taiwan,HOSTS
Dark Evening Brown,Nymphalidae,Melanitis phedima,Gramineae,Capillipedium parviflorum,Hong Kong,HOSTS
Dark Evening Brown,Nymphalidae,Melanitis phedima,Gramineae,Coix,Japan,HOSTS
Dark Evening Brown,Nymphalidae,Melanitis phedima,Gramineae,Isachne globosa,Taiwan,HOSTS
Dark Evening Brown,Nymphalidae,Melanitis phedima,Gramineae,Ischaemum indicum,Hong Kong,HOSTS
Dark Evening Brown,Nymphalidae,Melanitis phedima,Gramineae,Microstegium ciliatum,Hong Kong,HOSTS
Dark Evening Brown,Nymphalidae,Melanitis phedima,Gramineae,Miscanthus,Japan,HOSTS
Dark Evening Brown,Nymphalidae,Melanitis phedima,Gramineae,Miscanthus sinensis,Taiwan,HOSTS
Dark Evening Brown,Nymphalidae,Melanitis phedima,Gramineae,Oryza sativa,Hong Kong,HOSTS
Dark Evening Brown,Nymphalidae,Melanitis phedima,Gramineae,Oryza sativa,Indonesia,HOSTS
Dark Evening Brown,Nymphalidae,Melanitis phedima,Gramineae,Panicum excurrens,Taiwan,HOSTS
Dark Evening Brown,Nymphalidae,Melanitis phedima,Gramineae,Saccharum,Japan,HOSTS
Dark Evening Brown,Nymphalidae,Melanitis phedima,Gramineae,Setaria palmifolia,Hong Kong,HOSTS
Dark Evening Brown,Nymphalidae,Melanitis phedima,Gramineae,Setaria palmifolia,Taiwan,HOSTS
Dark Evening Brown,Nymphalidae,Melanitis phedima,Gramineae,Setaria palmifolia,West Malaysia,HOSTS
Dark Evening Brown,Nymphalidae,Melanitis phedima,Gramineae,Thysanolaena maxima,Hong Kong,HOSTS
Dark Evening Brown,Nymphalidae,Melanitis phedima,Gramineae,Zea,Japan,HOSTS
Grey Pansy,Nymphalidae,Junonia atlites,Amaranthaceae,Achyranthes,Hong Kong,HOSTS
Grey Pansy,Nymphalidae,Junonia atlites,Amaranthaceae,Alternanthera philoxeroides,Hong Kong,HOSTS
Grey Pansy,Nymphalidae,Junonia atlites,Amaranthaceae,Alternanthera sessilis,Hong Kong,HOSTS
Grey Pansy,Nymphalidae,Junonia atlites,Acanthaceae,Barleria,Andaman Islands,HOSTS
Grey Pansy,Nymphalidae,Junonia atlites,Acanthaceae,Barleria,India,HOSTS
Grey Pansy,Nymphalidae,Junonia atlites,Acanthaceae,Blechum pyramidatum,Philippines,HOSTS
Grey Pansy,Nymphalidae,Junonia atlites,Acanthaceae,Hygrophila,Philippines,HOSTS
Grey Pansy,Nymphalidae,Junonia atlites,Acanthaceae,Hygrophila,West Malaysia,HOSTS
Grey Pansy,Nymphalidae,Junonia atlites,Acanthaceae,Hygrophila,West Malaysia,HOSTS
Grey Pansy,Nymphalidae,Junonia atlites,Acanthaceae,Hygrophila auriculata,India,HOSTS
Grey Pansy,Nymphalidae,Junonia atlites,Acanthaceae,Hygrophila costata,India,HOSTS
Grey Pansy,Nymphalidae,Junonia atlites,Acanthaceae,Hygrophila lancea,Hong Kong,HOSTS
Grey Pansy,Nymphalidae,Junonia atlites,Acanthaceae,Hygrophila salicifolia,Hong Kong,HOSTS
Grey Pansy,Nymphalidae,Junonia atlites,Acanthaceae,Justicia,Philippines,HOSTS
Grey Pansy,Nymphalidae,Junonia atlites,Scrophulariaceae,Lindernia procumbens,Hong Kong,HOSTS
Grey Pansy,Nymphalidae,Junonia atlites,Acanthaceae,Nelsonia canescens,Andaman Islands,HOSTS
Grey Pansy,Nymphalidae,Junonia atlites,Gramineae,Oryza sativa,Indo-Australian,HOSTS
Grey Pansy,Nymphalidae,Junonia atlites,Verbenaceae,Phyla nodiflora,Philippines,HOSTS
Grey Pansy,Nymphalidae,Junonia atlites,Acanthaceae,Pseuderanthemum,Philippines,HOSTS
Grey Pansy,Nymphalidae,Junonia atlites,Acanthaceae,Ruellia,Philippines,HOSTS
Grey Pansy,Nymphalidae,Junonia atlites,Acanthaceae,Strobilanthes,Philippines,HOSTS
Pale Grass Blue,Lycaenidae,Pseudozizeeria maha,Oxalidaceae,,Japan,HOSTS
Pale Grass Blue,Lycaenidae,Pseudozizeeria maha,Oxalidaceae,,Oriental,HOSTS
Pale Grass Blue,Lycaenidae,Pseudozizeeria maha,Acanthaceae,,Oriental,HOSTS
Pale Grass Blue,Lycaenidae,Pseudozizeeria maha,Leguminosae,,Oriental,HOSTS
Pale Grass Blue,Lycaenidae,Pseudozizeeria maha,Oxalidaceae,Oxalis corniculata,India,HOSTS
Pale Grass Blue,Lycaenidae,Pseudozizeeria maha,Oxalidaceae,Oxalis corniculata,India,HOSTS
Pale Grass Blue,Lycaenidae,Pseudozizeeria maha,Oxalidaceae,Oxalis corniculata,Japan,HOSTS
Pale Grass Blue,Lycaenidae,Pseudozizeeria maha,Oxalidaceae,Oxalis corniculata,Taiwan,HOSTS
Pale Grass Blue,Lycaenidae,Pseudozizeeria maha,Zygophyllaceae,Tribulus terrestris,India,HOSTS
Dark Grass Blue,Lycaenidae,Zizeeria karsandra,Leguminosae,,Australasia,HOSTS
Dark Grass Blue,Lycaenidae,Zizeeria karsandra,Molluginaceae,,Palaearctic,HOSTS
Dark Grass Blue,Lycaenidae,Zizeeria karsandra,Oxalidaceae,,Palaearctic,HOSTS
Dark Grass Blue,Lycaenidae,Zizeeria karsandra,Polygonaceae,,Palaearctic,HOSTS
Dark Grass Blue,Lycaenidae,Zizeeria karsandra,Verbenaceae,,Palaearctic,HOSTS
Dark Grass Blue,Lycaenidae,Zizeeria karsandra,Zygophyllaceae,,Palaearctic,HOSTS
Dark Grass Blue,Lycaenidae,Zizeeria karsandra,Amaranthaceae,,Palaearctic,HOSTS
Dark Grass Blue,Lycaenidae,Zizeeria karsandra,Amaranthaceae,Amaranthus tricolor,Hong Kong,HOSTS
Dark Grass Blue,Lycaenidae,Zizeeria karsandra,Amaranthaceae,Amaranthus viridis,Hong Kong,HOSTS
Dark Grass Blue,Lycaenidae,Zizeeria karsandra,Amaranthaceae,Amaranthus viridis,West Malaysia,HOSTS
Dark Grass Blue,Lycaenidae,Zizeeria karsandra,Amaranthaceae,Amaranthus viridis,West Malaysia,HOSTS
Dark Grass Blue,Lycaenidae,Zizeeria karsandra,Leguminosae (p),Zornia diphylla,West Malaysia,HOSTS
Dark Grass Blue,Lycaenidae,Zizeeria karsandra,Leguminosae (p),Zornia diphylla,West Malaysia,HOSTS
Bamboo Treebrown,Nymphalidae,Lethe europa,Gramineae,,India,HOSTS
Bamboo Treebrown,Nymphalidae,Lethe europa,Gramineae,,West Malaysia,HOSTS
Bamboo Treebrown,Nymphalidae,Lethe europa,Gramineae,Arundinaria linearis,Japan,HOSTS
Bamboo Treebrown,Nymphalidae,Lethe europa,Gramineae,Bambusa,Hong Kong,HOSTS
Bamboo Treebrown,Nymphalidae,Lethe europa,Gramineae,Bambusa multiplex,Hong Kong,HOSTS
Bamboo Treebrown,Nymphalidae,Lethe europa,Gramineae,Bambusa multiplex,Japan,HOSTS
Bamboo Treebrown,Nymphalidae,Lethe europa,Gramineae,Bambusa multiplex,Taiwan,HOSTS
Bamboo Treebrown,Nymphalidae,Lethe europa,Gramineae,Bambusa oldhami,Taiwan,HOSTS
Bamboo Treebrown,Nymphalidae,Lethe europa,Gramineae,Bambusa oldhamii,Japan,HOSTS
Bamboo Treebrown,Nymphalidae,Lethe europa,Gramineae,Bambusa oldhamii,Taiwan,HOSTS
Bamboo Treebrown,Nymphalidae,Lethe europa,Gramineae,Bambusa tuldoides,Hong Kong,HOSTS
Bamboo Treebrown,Nymphalidae,Lethe europa,Gramineae,Bambusa vulgaris ?,Hong Kong,HOSTS
Bamboo Treebrown,Nymphalidae,Lethe europa,Gramineae,Dinochloa andamanica,Andaman Islands,HOSTS
Bamboo Treebrown,Nymphalidae,Lethe europa,Gramineae,Microstegium ciliatum,Hong Kong,HOSTS
Bamboo Treebrown,Nymphalidae,Lethe europa,Gramineae,Phyllostachys makinoi,Taiwan,HOSTS
Metallic Cerulean,Lycaenidae,Jamides alectoalocina,Zingiberaceae,Boesenbergia rotunda,,IFB
Metallic Cerulean,Lycaenidae,Jamides alectoalocina,Zingiberaceae,Curcuma aeruginosa,,IFB
Metallic Cerulean,Lycaenidae,Jamides alectoalocina,Zingiberaceae,Elettaria cardamomum,,IFB
Metallic Cerulean,Lycaenidae,Jamides alectoalocina,Zingiberaceae,Zingiber zerumbet,,IFB
White Orange Tip,Pieridae,Ixias marianne,Capparaceae,Capparis aphylla,India,HOSTS
White Orange Tip,Pieridae,Ixias marianne,Capparaceae,Capparis divaricata,India,HOSTS
White Orange Tip,Pieridae,Ixias marianne,Capparaceae,Capparis grandis,India,HOSTS
White Orange Tip,Pieridae,Ixias marianne,Capparaceae,Capparis sepiaria,India,HOSTS
Commander,Nymphalidae,Moduza procris,Rubiaceae,,Indonesia,HOSTS
Commander,Nymphalidae,Moduza procris,Rubiaceae,Breonia cadamba,India,HOSTS
Commander,Nymphalidae,Moduza procris,Rubiaceae,Cinchona,India,HOSTS
Commander,Nymphalidae,Moduza procris,Rubiaceae,Mitragyna parvifolia,India,HOSTS
Commander,Nymphalidae,Moduza procris,Rubiaceae,Mussaenda frondosa,India,HOSTS
Commander,Nymphalidae,Moduza procris,Rubiaceae,Mussaenda frondosa,West Malaysia,HOSTS
Commander,Nymphalidae,Moduza procris,Rubiaceae,Nauclea,West Malaysia,HOSTS
Commander,Nymphalidae,Moduza procris,Rubiaceae,Nauclea cadamba,Andaman Islands,HOSTS
Commander,Nymphalidae,Moduza procris,Rubiaceae,Nauclea cadamba,India,HOSTS
Commander,Nymphalidae,Moduza procris,Rubiaceae,Neonauclea excelsa,Andaman Islands,HOSTS
Commander,Nymphalidae,Moduza procris,Rubiaceae,Sarcocephalus missionis,India,HOSTS
Commander,Nymphalidae,Moduza procris,Rubiaceae,Timonius wallichianus,West Malaysia,HOSTS
Commander,Nymphalidae,Moduza procris,Rubiaceae,Timonius wallichianus,West Malaysia,HOSTS
Commander,Nymphalidae,Moduza procris,Rubiaceae,Uncaria,West Malaysia,HOSTS
Commander,Nymphalidae,Moduza procris,Rubiaceae,Uncaria,West Malaysia,HOSTS
Commander,Nymphalidae,Moduza procris,Rubiaceae,Uncaria,West Malaysia,HOSTS
Commander,Nymphalidae,Moduza procris,Rubiaceae,Uncaria cordata,Andaman Islands,HOSTS
Commander,Nymphalidae,Moduza procris,Rubiaceae,Uncaria gambier,Indonesia,HOSTS
Commander,Nymphalidae,Moduza procris,Rubiaceae,Uncaria hirsuta,Hong Kong,HOSTS
Commander,Nymphalidae,Moduza procris,Rubiaceae,Wendlandia,India,HOSTS
Commander,Nymphalidae,Moduza procris,Rubiaceae,Wendlandia exserta,India,HOSTS
Commander,Nymphalidae,Moduza procris,Rubiaceae,Wendlandia notoniana,India,HOSTS
Commander,Nymphalidae,Moduza procris,Rubiaceae,Wendlandia thyrsoidea,Sri Lanka,HOSTS
Commander,Nymphalidae,Moduza procris,Rubiaceae,Wendlandia thyrsoidea,West Malaysia,HOSTS
Common Baron,Nymphalidae,Euthalia aconthea,Anacardiaceae,Anacardium occidentale,India,HOSTS
Common Baron,Nymphalidae,Euthalia aconthea,Anacardiaceae,Anacardium occidentale,India,HOSTS
Common Baron,Nymphalidae,Euthalia aconthea,Anacardiaceae,Anacardium occidentale,West Malaysia,HOSTS
Common Baron,Nymphalidae,Euthalia aconthea,Anacardiaceae,Anacardium occidentale,West Malaysia,HOSTS
Common Baron,Nymphalidae,Euthalia aconthea,Anacardiaceae,Anacardium occidentale,West Malaysia,HOSTS
Common Baron,Nymphalidae,Euthalia aconthea,Cucurbitaceae,Bryonia,India,HOSTS
Common Baron,Nymphalidae,Euthalia aconthea,Loranthaceae,Loranthus pentandrus,Thailand,HOSTS
Common Baron,Nymphalidae,Euthalia aconthea,Loranthaceae,Loranthus pentandrus,Thailand,HOSTS
Common Baron,Nymphalidae,Euthalia aconthea,Loranthaceae,Loranthus scurrula,India,HOSTS
Common Baron,Nymphalidae,Euthalia aconthea,Loranthaceae,Loranthus scurrula,West Malaysia,HOSTS
Common Baron,Nymphalidae,Euthalia aconthea,Anacardiaceae,Mangifera,Indonesia,HOSTS
Common Baron,Nymphalidae,Euthalia aconthea,Anacardiaceae,Mangifera indica,Andaman Islands,HOSTS
Common Baron,Nymphalidae,Euthalia aconthea,Anacardiaceae,Mangifera indica,Brunei,HOSTS
Common Baron,Nymphalidae,Euthalia aconthea,Anacardiaceae,Mangifera indica,India,HOSTS
Common Baron,Nymphalidae,Euthalia aconthea,Anacardiaceae,Mangifera indica,India,HOSTS
Common Baron,Nymphalidae,Euthalia aconthea,Anacardiaceae,Mangifera indica,India,HOSTS
Common Baron,Nymphalidae,Euthalia aconthea,Anacardiaceae,Mangifera indica,India,HOSTS
Common Baron,Nymphalidae,Euthalia aconthea,Anacardiaceae,Mangifera indica,Sabah,HOSTS
Common Baron,Nymphalidae,Euthalia aconthea,Anacardiaceae,Mangifera indica,Sabah,HOSTS
Common Baron,Nymphalidae,Euthalia aconthea,Anacardiaceae,Mangifera indica,Thailand,HOSTS
Common Baron,Nymphalidae,Euthalia aconthea,Anacardiaceae,Mangifera indica,West Malaysia,HOSTS
Common Baron,Nymphalidae,Euthalia aconthea,Anacardiaceae,Mangifera indica,West Malaysia,HOSTS
Common Baron,Nymphalidae,Euthalia aconthea,Anacardiaceae,Mangifera indica,West Malaysia,HOSTS
Common Baron,Nymphalidae,Euthalia aconthea,Moraceae,Morus,India,HOSTS
Common Baron,Nymphalidae,Euthalia aconthea,Rosaceae,Rosa,India,HOSTS
Common Baron,Nymphalidae,Euthalia aconthea,Loranthaceae,Scurrula,West Malaysia,HOSTS
Common Baron,Nymphalidae,Euthalia aconthea,Moraceae,Streblus asper,India,HOSTS
Common Baron,Nymphalidae,Euthalia aconthea,Moraceae,Trophis aspera,India,HOSTS
Chestnut Angle,Hesperiidae,Odontoptilum angulata,Bombacaceae,Ceiba,India,HOSTS
Chestnut Angle,Hesperiidae,Odontoptilum angulata,Bombacaceae,Ceiba,West Malaysia,HOSTS
Chestnut Angle,Hesperiidae,Odontoptilum angulata,Bombacaceae,Ceiba,West Malaysia,HOSTS
Chestnut Angle,Hesperiidae,Odontoptilum angulata,Tiliaceae,Grewia eriocarpa,West Malaysia,HOSTS
Chestnut Angle,Hesperiidae,Odontoptilum angulata,Malvaceae,Hibiscus,Hong Kong,HOSTS
Chestnut Angle,Hesperiidae,Odontoptilum angulata,Malvaceae,Hibiscus tiliaceus,Hong Kong,HOSTS
Chestnut Angle,Hesperiidae,Odontoptilum angulata,Malvaceae,Hibiscus tiliaceus,India,HOSTS
Chestnut Angle,Hesperiidae,Odontoptilum angulata,Malvaceae,Hibiscus tiliaceus,West Malaysia,HOSTS
Chestnut Angle,Hesperiidae,Odontoptilum angulata,Malvaceae,Hibiscus tiliaceus,West Malaysia,HOSTS
Chestnut Angle,Hesperiidae,Odontoptilum angulata,Tiliaceae,Microcos paniculata,Hong Kong,HOSTS
Chestnut Angle,Hesperiidae,Odontoptilum angulata,Tiliaceae,Microcos paniculata,Hong Kong,HOSTS
Chestnut Angle,Hesperiidae,Odontoptilum angulata,Malvaceae,Urena lobata,India,HOSTS
Chestnut Angle,Hesperiidae,Odontoptilum angulata,Malvaceae,Urena lobata,West Malaysia,HOSTS
Chestnut Angle,Hesperiidae,Odontoptilum angulata,Malvaceae,Urena lobata,West Malaysia,HOSTS
Plum Judy,Lycaenidae,Abisara echerius,Myrsinaceae,,India,HOSTS
Plum Judy,Lycaenidae,Abisara echerius,Myrsinaceae,Ardisia,India,HOSTS
Plum Judy,Lycaenidae,Abisara echerius,Myrsinaceae,Embelia laeta,Hong Kong,HOSTS
Crimson Rose,Papilionidae,Pachliopta hector,Aristolochiaceae,Aristolochia,India,HOSTS
Crimson Rose,Papilionidae,Pachliopta hector,Aristolochiaceae,Aristolochia,Sri Lanka,HOSTS
Crimson Rose,Papilionidae,Pachliopta hector,Aristolochiaceae,Aristolochia indica,India,HOSTS
Crimson Rose,Papilionidae,Pachliopta hector,Aristolochiaceae,Thottea wallichii,India,HOSTS
Red Helen,Papilionidae,Papilio helenus,Rutaceae,,India,HOSTS
Red Helen,Papilionidae,Papilio helenus,Rutaceae,,India,HOSTS
Red Helen,Papilionidae,Papilio helenus,Rutaceae,Citrus,Hong Kong,HOSTS
Red Helen,Papilionidae,Papilio helenus,Rutaceae,Citrus,India,HOSTS
Red Helen,Papilionidae,Papilio helenus,Rutaceae,Citrus,India,HOSTS
Red Helen,Papilionidae,Papilio helenus,Rutaceae,Citrus,West Malaysia,HOSTS
Red Helen,Papilionidae,Papilio helenus,Rutaceae,Citrus,West Malaysia,HOSTS
Red Helen,Papilionidae,Papilio helenus,Rutaceae,Citrus junos,Old World,HOSTS
Red Helen,Papilionidae,Papilio helenus,Rutaceae,Citrus medica,West Malaysia,HOSTS
Red Helen,Papilionidae,Papilio helenus,Rutaceae,Citrus natsudaidai,Old World,HOSTS
Red Helen,Papilionidae,Papilio helenus,Rutaceae,Citrus tachibana,Old World,HOSTS
Red Helen,Papilionidae,Papilio helenus,Rutaceae,Citrus unshiu,Old World,HOSTS
Red Helen,Papilionidae,Papilio helenus,Rutaceae,Euodia gabrifolia,Taiwan,HOSTS
Red Helen,Papilionidae,Papilio helenus,Rutaceae,Euodia meliaefolia,Old World,HOSTS
Red Helen,Papilionidae,Papilio helenus,Rutaceae,Fortunella japonica,Hong Kong,HOSTS
Red Helen,Papilionidae,Papilio helenus,Rutaceae,Phellodendron amurense,Old World,HOSTS
Red Helen,Papilionidae,Papilio helenus,Rutaceae,Poncirus trifoliata,Old World,HOSTS
Red Helen,Papilionidae,Papilio helenus,Rutaceae,Toddalia asiatica,Hong Kong,HOSTS
Red Helen,Papilionidae,Papilio helenus,Rutaceae,Toddalia asiatica,Old World,HOSTS
Red Helen,Papilionidae,Papilio helenus,Rutaceae,Toddalia asiatica,Taiwan,HOSTS
Red Helen,Papilionidae,Papilio helenus,Rutaceae,Zanthoxylum,West Malaysia,HOSTS
Red Helen,Papilionidae,Papilio helenus,Rutaceae,Zanthoxylum ailanthoides,Old World,HOSTS
Red Helen,Papilionidae,Papilio helenus,Rutaceae,Zanthoxylum ailanthoides,Taiwan,HOSTS
Red Helen,Papilionidae,Papilio helenus,Rutaceae,Zanthoxylum avicennae,Hong Kong,HOSTS
Red Helen,Papilionidae,Papilio helenus,Rutaceae,Zanthoxylum avicennae,Old World,HOSTS
Red Helen,Papilionidae,Papilio helenus,Rutaceae,Zanthoxylum cuspidata,Hong Kong,HOSTS
Red Helen,Papilionidae,Papilio helenus,Rutaceae,Zanthoxylum nitidum,Hong Kong,HOSTS
Red Helen,Papilionidae,Papilio helenus,Rutaceae,Zanthoxylum nitidum,Old World,HOSTS
Red Helen,Papilionidae,Papilio helenus,Rutaceae,Zanthoxylum rhetsa,India,HOSTS
Red Helen,Papilionidae,Papilio helenus,Rutaceae,Zanthoxylum rhetsa,Old World,HOSTS
Great Eggfly,Nymphalidae,Hypolimnas bolina,Asclepiadaceae,,Old World,HOSTS
Great Eggfly,Nymphalidae,Hypolimnas bolina,Moraceae,,Old World,HOSTS
Great Eggfly,Nymphalidae,Hypolimnas bolina,Urticaceae,,West Malaysia,HOSTS
Great Eggfly,Nymphalidae,Hypolimnas bolina,Acanthaceae,,West Malaysia,HOSTS
Great Eggfly,Nymphalidae,Hypolimnas bolina,Malvaceae,Abutilon,Afrotropical,HOSTS
Great Eggfly,Nymphalidae,Hypolimnas bolina,Malvaceae,Abutilon,Indo-Australian,HOSTS
Great Eggfly,Nymphalidae,Hypolimnas bolina,Malvaceae,Abutilon,Philippines,HOSTS
Great Eggfly,Nymphalidae,Hypolimnas bolina,Amaranthaceae,Achyranthes aspera,Philippines,HOSTS
Great Eggfly,Nymphalidae,Hypolimnas bolina,Amaranthaceae,Alternanthera,Afrotropical,HOSTS
Great Eggfly,Nymphalidae,Hypolimnas bolina,Amaranthaceae,Alternanthera denticulata,India,HOSTS
Great Eggfly,Nymphalidae,Hypolimnas bolina,Amaranthaceae,Alternanthera denticulata,Indo-Australian,HOSTS
Great Eggfly,Nymphalidae,Hypolimnas bolina,Amaranthaceae,Alternanthera philoxeroides,Hong Kong,HOSTS
Great Eggfly,Nymphalidae,Hypolimnas bolina,Amaranthaceae,Alternanthera sessilis,Andaman Islands,HOSTS
Great Eggfly,Nymphalidae,Hypolimnas bolina,Amaranthaceae,Alternanthera sessilis,Hong Kong,HOSTS
Great Eggfly,Nymphalidae,Hypolimnas bolina,Amaranthaceae,Alternanthera sessilis,Indo-Australian,HOSTS
Great Eggfly,Nymphalidae,Hypolimnas bolina,Acanthaceae,Asystasia,Afrotropical,HOSTS
Great Eggfly,Nymphalidae,Hypolimnas bolina,Acanthaceae,Asystasia,Australasia,HOSTS
Great Eggfly,Nymphalidae,Hypolimnas bolina,Acanthaceae,Asystasia gangetica,Australia,HOSTS
Great Eggfly,Nymphalidae,Hypolimnas bolina,Acanthaceae,Asystasia gangetica,Singapore,HOSTS
Great Eggfly,Nymphalidae,Hypolimnas bolina,Acanthaceae,Asystasia scandens,Australasia,HOSTS
Great Eggfly,Nymphalidae,Hypolimnas bolina,Acanthaceae,Asystasia scandens,Indo-Australian,HOSTS
Great Eggfly,Nymphalidae,Hypolimnas bolina,Acanthaceae,Blechum,Philippines,HOSTS
Great Eggfly,Nymphalidae,Hypolimnas bolina,Acanthaceae,Blechum pyramidatum,Philippines,HOSTS
Great Eggfly,Nymphalidae,Hypolimnas bolina,Commelinaceae,Commelina communis,Ryukyu Islands,HOSTS
Great Eggfly,Nymphalidae,Hypolimnas bolina,Leguminosae (p),Desmodium caudatum,Taiwan,HOSTS
Great Eggfly,Nymphalidae,Hypolimnas bolina,Compositae,Eclipta,Afrotropical,HOSTS
Great Eggfly,Nymphalidae,Hypolimnas bolina,Compositae,Eclipta prostrata,Indo-Australian,HOSTS
Great Eggfly,Nymphalidae,Hypolimnas bolina,Compositae,Eclipta prostrata,New Caledonia,HOSTS
Great Eggfly,Nymphalidae,Hypolimnas bolina,Urticaceae,Elatostema,Afrotropical,HOSTS
Great Eggfly,Nymphalidae,Hypolimnas bolina,Urticaceae,Elatostema cuneatum,India,HOSTS
Common Pierrot,Lycaenidae,Castalius rosimon,Rhamnaceae,,Hong Kong,HOSTS
Common Pierrot,Lycaenidae,Castalius rosimon,Rhamnaceae,,Oriental,HOSTS
Common Pierrot,Lycaenidae,Castalius rosimon,Rhamnaceae,Paliurus ramosissimus,Hong Kong,HOSTS
Common Pierrot,Lycaenidae,Castalius rosimon,Rhamnaceae,Ziziphus jujuba,Oriental,HOSTS
Common Pierrot,Lycaenidae,Castalius rosimon,Rhamnaceae,Ziziphus jujuba,West Malaysia,HOSTS
Common Pierrot,Lycaenidae,Castalius rosimon,Rhamnaceae,Ziziphus mauritiana,Andaman Islands,HOSTS
Common Pierrot,Lycaenidae,Castalius rosimon,Rhamnaceae,Ziziphus mauritiana,India,HOSTS
Common Pierrot,Lycaenidae,Castalius rosimon,Rhamnaceae,Ziziphus mauritiana,Thailand,HOSTS
Common Pierrot,Lycaenidae,Castalius rosimon,Rhamnaceae,Ziziphus mauritiana,West Malaysia,HOSTS
Common Pierrot,Lycaenidae,Castalius rosimon,Rhamnaceae,Ziziphus oenoplia,Andaman Islands,HOSTS
Red Pierrot,Lycaenidae,Talicada nyseus,Polyphagous,,India,HOSTS
Red Pierrot,Lycaenidae,Talicada nyseus,Polyphagous,,India,HOSTS
Red Pierrot,Lycaenidae,Talicada nyseus,Crassulaceae,,Oriental,HOSTS
Red Pierrot,Lycaenidae,Talicada nyseus,Crassulaceae,Kalanchoe,India,HOSTS
Red Pierrot,Lycaenidae,Talicada nyseus,Crassulaceae,Kalanchoe calycinum,India,HOSTS
Common Castor,Nymphalidae,Ariadne merione,Euphorbiaceae,Pterococcus corniculatus,West Malaysia,HOSTS
Common Castor,Nymphalidae,Ariadne merione,Euphorbiaceae,Ricinus communis,Burma,HOSTS
Common Castor,Nymphalidae,Ariadne merione,Euphorbiaceae,Ricinus communis,India,HOSTS
Common Castor,Nymphalidae,Ariadne merione,Euphorbiaceae,Ricinus communis,India,HOSTS
Common Castor,Nymphalidae,Ariadne merione,Euphorbiaceae,Ricinus communis,India,HOSTS
Common Castor,Nymphalidae,Ariadne merione,Euphorbiaceae,Ricinus communis,Nepal,HOSTS
Common Castor,Nymphalidae,Ariadne merione,Euphorbiaceae,Ricinus communis,Sri Lanka,HOSTS
Common Castor,Nymphalidae,Ariadne merione,Euphorbiaceae,Ricinus communis,Thailand,HOSTS
Common Castor,Nymphalidae,Ariadne merione,Euphorbiaceae,Tragia cannabina ?,India,HOSTS
Common Castor,Nymphalidae,Ariadne merione,Euphorbiaceae,Tragia hispida,India,HOSTS
Common Castor,Nymphalidae,Ariadne merione,Euphorbiaceae,Tragia hispida,Nepal,HOSTS
Common Map,Nymphalidae,Cyrestis thyodamas,Moraceae,Ficus,India,HOSTS
Common Map,Nymphalidae,Cyrestis thyodamas,Moraceae,Ficus,Japan,HOSTS
Common Map,Nymphalidae,Cyrestis thyodamas,Moraceae,Ficus ampelas,Taiwan,HOSTS
Common Map,Nymphalidae,Cyrestis thyodamas,Moraceae,Ficus ampelas,Taiwan,HOSTS
Common Map,Nymphalidae,Cyrestis thyodamas,Moraceae,Ficus benghalensis,India,HOSTS
Common Map,Nymphalidae,Cyrestis thyodamas,Moraceae,Ficus carica,Hong Kong,HOSTS
Common Map,Nymphalidae,Cyrestis thyodamas,Moraceae,Ficus carica,Taiwan,HOSTS
Common Map,Nymphalidae,Cyrestis thyodamas,Moraceae,Ficus erecta,Japan,HOSTS
Common Map,Nymphalidae,Cyrestis thyodamas,Moraceae,Ficus erecta,Taiwan,HOSTS
Common Map,Nymphalidae,Cyrestis thyodamas,Moraceae,Ficus eximia,Hong Kong,HOSTS
Common Map,Nymphalidae,Cyrestis thyodamas,Moraceae,Ficus formosana,Taiwan,HOSTS
Common Map,Nymphalidae,Cyrestis thyodamas,Moraceae,Ficus krishnae,Taiwan,HOSTS
Common Map,Nymphalidae,Cyrestis thyodamas,Moraceae,Ficus microcarpa,Japan,HOSTS
Common Map,Nymphalidae,Cyrestis thyodamas,Moraceae,Ficus microcarpa,Taiwan,HOSTS
Common Map,Nymphalidae,Cyrestis thyodamas,Moraceae,Ficus neriifolia,India,HOSTS
Common Map,Nymphalidae,Cyrestis thyodamas,Moraceae,Ficus pumila,Hong Kong,HOSTS
Common Map,Nymphalidae,Cyrestis thyodamas,Moraceae,Ficus racemosa,India,HOSTS
Common Map,Nymphalidae,Cyrestis thyodamas,Moraceae,Ficus religiosa,India,HOSTS
Common Map,Nymphalidae,Cyrestis thyodamas,Moraceae,Ficus sarmentosa,Taiwan,HOSTS
Common Map,Nymphalidae,Cyrestis thyodamas,Moraceae,Ficus septica,Japan,HOSTS
Common Map,Nymphalidae,Cyrestis thyodamas,Moraceae,Ficus septica,Taiwan,HOSTS
Common Map,Nymphalidae,Cyrestis thyodamas,Moraceae,Ficus superba,Hong Kong,HOSTS
Common Map,Nymphalidae,Cyrestis thyodamas,Moraceae,Ficus tinctoria,Taiwan,HOSTS
Common Map,Nymphalidae,Cyrestis thyodamas,Moraceae,Ficus tinctoria,Taiwan,HOSTS
Common Map,Nymphalidae,Cyrestis thyodamas,Moraceae,Ficus tinctoria,Taiwan,HOSTS
Common Map,Nymphalidae,Cyrestis thyodamas,Moraceae,Ficus variegata,Hong Kong,HOSTS
Common Map,Nymphalidae,Cyrestis thyodamas,Moraceae,Ficus vasculosa,Taiwan,HOSTS
Common Map,Nymphalidae,Cyrestis thyodamas,Moraceae,Ficus virens,Hong Kong,HOSTS
Common Map,Nymphalidae,Cyrestis thyodamas,Moraceae,Ficus virgata,Taiwan,HOSTS
Common Map,Nymphalidae,Cyrestis thyodamas,Moraceae,Ficus wightiana,Hong Kong,HOSTS
Common Rose,Papilionidae,Pachliopta aritolochiae,Aristolochiaceae,Aristolochia,,IFB
Common Rose,Papilionidae,Pachliopta aritolochiae,Aristolochiaceae,Aristolochia bracteolata,,IFB
Common Rose,Papilionidae,Pachliopta aritolochiae,Aristolochiaceae,Aristolochia griffithii,,IFB
Common Rose,Papilionidae,Pachliopta aritolochiae,Aristolochiaceae,Aristolochia indica,,IFB
Common Rose,Papilionidae,Pachliopta aritolochiae,Aristolochiaceae,Aristolochia tagala,,IFB
Common Rose,Papilionidae,Pachliopta aritolochiae,Aristolochiaceae,Thottea siliquosa,,IFB
Common Rose,Papilionidae,Pachliopta aritolochiae,Aristolochiaceae,Bragantia wallichii,,IFB
Great Orange Tip,Pieridae,Hebomoia glaucippe,Cruciferae,Brassica oleracea,Laos,HOSTS
Great Orange Tip,Pieridae,Hebomoia glaucippe,Capparaceae,Capparis,India,HOSTS
Great Orange Tip,Pieridae,Hebomoia glaucippe,Capparaceae,Capparis,Indonesia,HOSTS
Great Orange Tip,Pieridae,Hebomoia glaucippe,Capparaceae,Capparis,Sri Lanka,HOSTS
Great Orange Tip,Pieridae,Hebomoia glaucippe,Capparaceae,Capparis cantoniensis,Hong Kong,HOSTS
Great Orange Tip,Pieridae,Hebomoia glaucippe,Capparaceae,Capparis formosana,Taiwan,HOSTS
Great Orange Tip,Pieridae,Hebomoia glaucippe,Capparaceae,Capparis lanceolaris,Taiwan,HOSTS
Great Orange Tip,Pieridae,Hebomoia glaucippe,Capparaceae,Capparis lanceolaris,Taiwan,HOSTS
Great Orange Tip,Pieridae,Hebomoia glaucippe,Capparaceae,Capparis micracantha,Taiwan,HOSTS
Great Orange Tip,Pieridae,Hebomoia glaucippe,Capparaceae,Capparis moonii,India,HOSTS
Great Orange Tip,Pieridae,Hebomoia glaucippe,Capparaceae,Capparis moonii,Taiwan,HOSTS
Great Orange Tip,Pieridae,Hebomoia glaucippe,Capparaceae,Capparis moonii,West Malaysia,HOSTS
Great Orange Tip,Pieridae,Hebomoia glaucippe,Capparaceae,Capparis pubiflora,Taiwan,HOSTS
Great Orange Tip,Pieridae,Hebomoia glaucippe,Capparaceae,Capparis pumila,Taiwan,HOSTS
Great Orange Tip,Pieridae,Hebomoia glaucippe,Capparaceae,Capparis sepiaria,Andaman Islands,HOSTS
Great Orange Tip,Pieridae,Hebomoia glaucippe,Capparaceae,Capparis sepiaria,Taiwan,HOSTS
Great Orange Tip,Pieridae,Hebomoia glaucippe,Capparaceae,Capparis sola,Taiwan,HOSTS
Great Orange Tip,Pieridae,Hebomoia glaucippe,Capparaceae,Capparis sola,Taiwan,HOSTS
Great Orange Tip,Pieridae,Hebomoia glaucippe,Capparaceae,Cleome spinosa,Taiwan,HOSTS
Great Orange Tip,Pieridae,Hebomoia glaucippe,Capparaceae,Crateva,Indonesia,HOSTS
Great Orange Tip,Pieridae,Hebomoia glaucippe,Capparaceae,Crateva adansonii,Taiwan,HOSTS
Great Orange Tip,Pieridae,Hebomoia glaucippe,Capparaceae,Crateva falcata,Taiwan,HOSTS
Great Orange Tip,Pieridae,Hebomoia glaucippe,Capparaceae,Crateva magna,Taiwan,HOSTS
Great Orange Tip,Pieridae,Hebomoia glaucippe,Capparaceae,Crateva religiosa,Hong Kong,HOSTS
Great Orange Tip,Pieridae,Hebomoia glaucippe,Capparaceae,Crateva religiosa,Hong Kong,HOSTS
Great Orange Tip,Pieridae,Hebomoia glaucippe,Capparaceae,Crateva religiosa,India,HOSTS
Great Orange Tip,Pieridae,Hebomoia glaucippe,Capparaceae,Crateva religiosa,Philippines,HOSTS
Great Orange Tip,Pieridae,Hebomoia glaucippe,Capparaceae,Crateva religiosa,Taiwan,HOSTS
Great Orange Tip,Pieridae,Hebomoia glaucippe,Capparaceae,Crateva religiosa,Thailand,HOSTS
Great Orange Tip,Pieridae,Hebomoia glaucippe,Capparaceae,Crateva religiosa,West Malaysia,HOSTS
Nawab,Nymphalidae,Charaxes bharata,Fabaceae,Acacia caesia,,IFB
Nawab,Nymphalidae,Charaxes bharata,Fabaceae,Acacia catechu,,IFB
Nawab,Nymphalidae,Charaxes bharata,Fabaceae,Acacia chundra,,IFB
Nawab,Nymphalidae,Charaxes bharata,Fabaceae,Acacia pennata,,IFB
Nawab,Nymphalidae,Charaxes bharata,Fabaceae,Acacia polyacantha,,IFB
Nawab,Nymphalidae,Charaxes bharata,Fabaceae,Acacia torta,,IFB
Nawab,Nymphalidae,Charaxes bharata,Fabaceae,Adenanthera pavonina,,IFB
Nawab,Nymphalidae,Charaxes bharata,Fabaceae,Albizia julibrissin,,IFB
Nawab,Nymphalidae,Charaxes bharata,Fabaceae,Albizia lebbeck,,IFB
Nawab,Nymphalidae,Charaxes bharata,Fabaceae,Albizia corniculata,,IFB
Nawab,Nymphalidae,Charaxes bharata,Fabaceae,Falcataria moluccana,,IFB
Nawab,Nymphalidae,Charaxes bharata,Fabaceae,Caesalpinia bonduc,,IFB
Nawab,Nymphalidae,Charaxes bharata,Fabaceae,Caesalpinia mimosoides,,IFB
Nawab,Nymphalidae,Charaxes bharata,Fabaceae,Caesalpinia crista,,IFB
Nawab,Nymphalidae,Charaxes bharata,Fabaceae,Caesalpinia regia,,IFB
Nawab,Nymphalidae,Charaxes bharata,Fabaceae,Caesalpinia sappan,,IFB
Nawab,Nymphalidae,Charaxes bharata,Fabaceae,Delonix regia,,IFB
Nawab,Nymphalidae,Charaxes bharata,Fabaceae,Pithecellobium dulce,,IFB
Nawab,Nymphalidae,Charaxes bharata,Malvaceae,Grewia,,IFB
Nawab,Nymphalidae,Charaxes bharata,Malvaceae,Helicteres isora,,IFB
